"last_name, first_name",player_id,year,player_age,pa,bb_percent,on_base_plus_slg,b_lob,r_run,woba,z_swing_percent,z_swing_miss_percent,oz_swing_percent,oz_swing_miss_percent,oz_contact_percent,out_zone_percent,meatball_swing_percent,meatball_percent,iz_contact_percent,in_zone_percent,edge_percent,whiff_percent,swing_percent,pull_percent,straightaway_percent,opposite_percent,f_strike_percent,groundballs_percent,flyballs_percent,linedrives_percent,popups_percent
"Yastrzemski, Mike",573262,2026,35,262,10.3,0.686,95,34,0.308,56.9,14.8,26.3,41.8,58.2,50.5,54.8,8.5,85.2,49.5,42,23.5,41.5,45.9,32.9,21.2,59.9,40,30,24.1,5.9
"Rutschman, Adley",668939,2026,28,275,10.2,0.763,114,29,0.331,58.5,9.7,25.7,29.5,70.5,51,61,6.9,90.3,49,41.4,15.9,41.8,37.2,41.5,21.3,58.9,39.1,29,28,3.9
"Montgomery, Colson",695657,2026,24,381,8.1,0.771,184,45,0.331,74.8,23.8,32.5,64.3,35.7,53.1,75.2,7.7,76.2,46.9,38.2,37.1,52.4,50,30.9,19.1,66.1,30.5,37.3,20,12.3
"Higashioka, Kyle",543309,2026,36,177,9.6,0.67,70,19,0.299,58.5,13.7,31.5,50.8,49.2,51.8,71.2,7.2,86.3,48.2,41.9,27.3,44.5,38.9,39.8,21.2,65.5,34.5,28.3,27.4,9.7
"Benson, Will",666181,2026,28,114,14,0.643,54,11,0.29,67.3,32,22.1,47.3,52.7,52.8,90.6,6.8,68,47.2,43.9,36.1,43.4,41.4,31,27.6,54.9,31,46.6,15.5,6.9
"Julien, Edouard",666397,2026,27,247,13.8,0.639,79,33,0.296,62.7,14.7,18.9,51.5,48.5,50.2,78.3,6.7,85.3,49.8,43.1,23.3,40.7,36.5,40.5,23,55.5,50,19.6,28.4,2
"Olson, Matt",621566,2026,32,416,9.6,0.873,167,64,0.371,65.4,19,27.1,35.7,64.3,51.8,76.7,7.4,81,48.2,42.6,24.2,45.6,36.7,38.5,24.7,55.4,36.7,34.2,21.1,8
"Myers, Dane",667472,2026,30,137,12.4,0.743,53,18,0.334,59.1,13.9,19.1,25.9,74.1,50.4,65.5,9.8,86.1,49.6,41.5,16.9,39,26.5,47,26.5,61.3,34.9,30.1,25.3,9.6
"Rodríguez, Endy",682848,2026,26,122,17.2,0.858,56,15,0.378,63.5,14.4,24.3,54.2,45.8,51.4,78,8.7,85.6,48.6,38.3,25.9,43.3,40.8,36.6,22.5,62.3,31,35.2,28.2,5.6
"Smith, Dominic",642086,2026,31,233,6.9,0.703,95,32,0.306,68.5,11.1,32.1,37.7,62.3,51.9,80.3,8.1,88.9,48.1,40.6,20,49.6,34.4,41,24.6,65.5,39.9,29.5,25.1,5.5
"Mitchell, Garrett",669003,2026,27,310,11.6,0.821,118,42,0.359,66.3,25.8,22.4,70.4,29.6,51.1,75.3,7.2,74.2,48.9,43,37.4,43.8,34.7,39.4,25.9,58.7,53.5,18.2,25.3,2.9
"Jiménez, Leo",677870,2026,25,123,8.1,0.617,46,12,0.284,66,17.2,25.4,40.6,59.4,53.3,62.5,6.3,82.8,46.7,42.9,24.3,44.3,31.3,50.6,18.1,55.3,55.4,21.7,21.7,1.2
"Gray, Tristan",656484,2026,30,180,5,0.611,85,15,0.269,74.6,22.4,39.6,52.4,47.6,51.9,86.4,6.3,77.6,48.1,41.5,33.3,56.5,40.4,38.6,21.1,70.6,34.2,22.8,35.1,7.9
"Cronenworth, Jake",630105,2026,32,162,9.3,0.566,69,17,0.262,63.9,9.3,27.8,54.3,45.7,51.4,69.6,7,90.7,48.6,43.5,23.5,45.4,32.4,45.4,22.2,60.5,53.7,17.6,22.2,6.5
"Doyle, Brenton",686668,2026,28,122,9,0.549,55,21,0.252,73.9,15.6,35.4,62.5,37.5,53.2,75,4.7,84.4,46.8,43.5,32.2,53.4,40.8,46.5,12.7,56.6,56.3,19.7,21.1,2.8
"Meyers, Jake",676694,2026,30,148,6.8,0.58,55,14,0.259,72.4,12.4,32.8,41.1,58.9,51.6,78,7.7,87.6,48.4,42,21.7,52,39.3,31.8,29,67.6,42.1,29,19.6,9.3
"Duran, Jarren",680776,2026,29,376,7.2,0.609,127,41,0.268,65.8,19.8,34.8,61.7,38.3,53.2,63.4,5.8,80.2,46.8,39.6,35.5,49.3,40.9,37.1,22,56.9,45.7,22,22,10.3
"Lukes, Nathan",664770,2026,31,219,5.5,0.747,60,23,0.331,64.3,16.7,34.7,20.4,79.6,50.1,72.7,8.8,83.3,49.9,39.9,18,49.5,34.1,36.5,29.4,66.2,50,18.8,24.7,6.5
"Vientos, Mark",668901,2026,26,254,4.7,0.644,125,25,0.28,74.5,20.5,36.6,51.7,48.3,52.7,77.8,5.9,79.5,47.3,43.7,31.5,54.5,37.1,40.4,22.5,62.2,42.7,31.5,16.9,9
"Díaz, Yandy",650490,2026,34,394,9.4,0.888,106,51,0.386,66,11.6,27.1,21.1,78.9,50.6,63.6,7.4,88.4,49.4,42.8,14.5,46.2,21.8,47.6,30.6,64.6,49.7,20.4,24.8,5.1
"Rooker, Brent",667670,2026,31,203,9.4,0.67,81,20,0.292,70.9,25.3,31,64.5,35.5,53.4,78.2,7.5,74.7,46.6,42.2,38.4,49.6,39.3,35.9,24.8,62.4,34.2,41,20.5,4.3
"Wetherholt, JJ",802139,2026,23,407,9.8,0.755,92,58,0.337,64.9,15.6,22.6,33.3,66.7,50.8,76.5,7.5,84.4,49.2,42,20.2,43.5,38.4,37.7,23.9,59.4,40.5,30.4,24.9,4.2
"Burger, Jake",669394,2026,30,372,7.8,0.727,159,41,0.318,66.6,20,36.4,55.1,44.9,54.8,68.8,6.8,80,45.2,41,34,50,45.5,36,18.6,65.6,44.2,26.9,21.1,7.9
"Duran, Ezequiel",677649,2026,27,325,7.4,0.76,124,40,0.331,67.6,17.5,36.9,43.3,56.7,52.5,69.7,7.8,82.5,47.5,40.2,27.2,51.5,35,38.5,26.5,68.9,47.3,21.7,23.9,7.1
"Springer, George",543807,2026,36,293,9.9,0.677,115,31,0.301,72.8,13.7,24.6,49.7,50.3,51.8,84.1,6.9,86,48.2,41.1,23.3,47.8,43.7,33.7,22.6,60.1,44.7,26.6,20.6,8
"Rengifo, Luis",650859,2026,29,211,9,0.529,104,19,0.243,72.1,12.4,30.6,34.1,65.9,53.9,83.9,7.8,87.6,46.1,44,19.6,49.8,36.7,37.3,25.9,54.5,54.2,16.3,24.7,4.8
"Raleigh, Cal",663728,2026,29,280,12.5,0.581,114,23,0.264,71.5,23.3,37,41.9,58.1,57.1,88.2,6.2,76.7,42.9,41.7,30.9,51.8,52.6,26,21.4,66.1,26.6,44.8,17.5,11
"Rosario, Amed",642708,2026,30,165,6.7,0.742,59,20,0.317,71,17.1,39.2,42.6,57.4,54.7,80,5.8,82.9,45.3,43.8,27.3,53.6,37.7,38.6,23.7,63,41.2,25.4,25.4,7.9
"Hayes, Ke'Bryan",663647,2026,29,135,5.9,0.422,62,10,0.193,58.7,7,29.4,43.3,56.7,51.1,68.6,7.8,93,48.9,45.5,19.5,43.7,27.9,42.3,29.8,62.2,35.6,28.8,30.8,4.8
"Jansen, Danny",643376,2026,31,142,9.2,0.586,70,11,0.268,65.3,17,23.8,49.3,50.7,49.5,59.6,8.2,83,50.5,40.5,25.5,44.7,57.1,28.6,14.3,61.3,39.3,28.6,15.5,16.7
"Outman, James",681546,2026,29,136,7.4,0.509,64,17,0.228,75.4,30.6,29.2,70.1,29.9,53.4,85.7,6.3,69.4,46.6,43.2,42.8,50.7,55.2,20.9,23.9,65.4,38.8,28.4,20.9,11.9
"Bregman, Alex",608324,2026,32,431,11.4,0.695,197,45,0.312,59.6,10.7,21.3,32.2,67.8,49.6,65.5,8.2,89.3,50.4,40.6,16.3,40.6,46.6,34.6,18.8,56.9,38.2,24.9,24.9,12
"Gelof, Zack",680869,2026,26,247,5.7,0.803,90,41,0.348,66.4,23,23.9,40.6,59.4,47.1,79.4,6.7,77,52.9,43,27.5,46.3,40.7,37.7,21.6,58.3,43.1,26.3,21.6,9
"Bohm, Alec",664761,2026,29,374,6.7,0.632,147,31,0.28,66.6,12,25.7,30.6,69.4,50.9,75.2,7.3,88,49.1,41.9,17.3,45.8,27.9,45.6,26.5,59.6,47.7,22,24,6.3
"Raley, Luke",670042,2026,31,259,5,0.741,109,25,0.319,76.5,28.8,34,64.6,35.4,52.8,82.8,5.8,71.2,47.2,41.5,40.7,54,47.7,27.7,24.5,62.8,37.4,28.4,27.1,7.1
"Triolo, Jared",669707,2026,28,215,7.4,0.608,100,21,0.277,62.4,13.7,23.9,48.9,51.1,48.4,79.7,8.5,86.3,51.6,42.1,23,43.7,37,41.8,21.2,57.2,52.7,18.5,26.7,2.1
"Meidroth, Chase",805367,2026,24,392,9.4,0.72,115,54,0.322,55,13.5,26.8,32.6,67.4,49.7,64.3,7.7,86.5,50.3,44.6,19.6,41,39.1,34.1,26.7,61.2,52.7,19.4,23.6,4.3
"Crawford, J.P.",641487,2026,31,335,13.4,0.693,97,38,0.315,57.2,12.7,19.9,31.9,68.1,49.9,70.5,8.6,87.3,50.1,44.1,17.7,38.6,35.6,38,26.4,59.7,48.6,19.4,24.1,7.9
"Caissie, Owen",683357,2026,23,246,7.3,0.756,90,30,0.322,65.6,24.3,30.1,60,40,53.8,71.9,6.3,75.7,46.2,38.7,36.7,46.5,31.8,47.3,20.9,63.8,37.2,33.3,25.6,3.9
"Steer, Spencer",668715,2026,28,358,9.5,0.749,149,52,0.33,65.1,15.4,26,48.9,51.1,51,68.6,7.3,84.6,49,39.8,25.2,45.2,47.1,30.7,22.3,64.5,43.7,28.6,19.7,8
"Shaw, Matt",807713,2026,24,147,8.2,0.737,69,20,0.324,60.6,12.8,35.6,30.4,69.6,52.6,64.3,7,87.2,47.4,44.7,19.7,47.4,31.4,39,29.5,56.5,41.9,23.8,24.8,9.5
"Collins, Isaac",686555,2026,28,315,12.1,0.708,128,35,0.32,58.8,12,20.2,49.2,50.8,49.2,77.1,8.9,88,50.8,43,21.3,39.8,41.7,32.7,25.6,58.7,37.7,28.6,25.1,8.5
"Acuña Jr., Ronald",660670,2026,28,236,14.8,0.794,47,31,0.351,71.9,23.7,25,41.5,58.5,56.5,82.1,7,76.3,43.5,40.1,29.3,45.4,37.2,33.1,29.7,61.1,40.7,29.7,20.7,9
"Walker, Christian",572233,2026,35,400,8.3,0.775,193,50,0.335,73.7,16.5,30,55.1,44.9,53.8,79.3,7.6,83.5,46.2,39.8,28.9,50.2,44.4,30.4,25.2,57.4,43,27.8,21.5,7.8
"Narváez, Carlos",665966,2026,27,174,6.9,0.523,81,15,0.239,71.7,20.7,33.7,56.5,43.5,47.9,79.2,6.7,79.3,52.1,42,31.5,53.5,28.8,37.5,33.7,62.6,38.5,29.8,25,6.7
"Frelick, Sal",686217,2026,26,312,8,0.633,129,33,0.282,60.6,6,23.8,22.5,77.5,48.9,58.8,8.6,93.7,51.1,43,10.8,42.8,39.5,36.7,23.8,55.4,50.8,20.6,20.2,8.5
"Ewing, A.J.",805999,2026,21,222,9.9,0.789,60,27,0.347,63.6,14.3,27.9,42.5,57.5,52.8,79.3,6.4,85.7,47.2,40.6,23.6,44.8,31,38.7,30.3,63.5,44.4,27.5,23.2,4.9
"Benge, Carson",701807,2026,23,386,7.5,0.728,122,52,0.322,62.5,13.5,26.7,38.9,61.1,49.9,75.2,7.9,86.5,50.1,43.2,21.1,44.6,31.9,39.3,28.9,54.7,43,26.7,27,3.3
"Peraza, Oswald",672724,2026,26,277,3.6,0.661,112,25,0.29,74.4,17.3,37.6,54.4,45.6,51.1,81.8,7.6,82.7,48.9,42.3,30.1,55.6,34.6,43,22.3,65,49.7,21.2,24.6,4.5
"Soto, Juan",665742,2026,27,334,16.5,0.967,95,44,0.408,61.5,12.3,19.9,38.7,61.3,54,74.1,6.1,87.7,46,40.8,19.6,39,40,42.1,17.9,55.5,38.3,34.9,20,6.8
"Arozarena, Randy",668227,2026,31,379,9.8,0.838,122,59,0.369,64.3,24.1,32.1,33.8,66.2,53.5,77.7,6.8,75.9,46.5,40.9,27.7,47.1,35,35.8,29.3,64.1,50.4,20.3,25.6,3.7
"Rivas, Leo",660844,2026,28,120,12.5,0.435,46,9,0.218,55,16.9,17.7,46.8,53.2,49.6,81.4,8.1,83.1,50.4,43.1,24.1,36.5,43.9,36.4,19.7,50,37.9,31.8,19.7,10.6
"Ramírez, Agustín",682663,2026,24,129,10.1,0.663,58,14,0.296,71.1,21.5,26.6,55.2,44.8,51,86.8,7.7,78.5,49,39.3,31,48.4,39.5,40.7,19.8,62.8,52.3,15.1,22.1,10.5
"Manzardo, Kyle",700932,2026,25,310,10.6,0.669,137,32,0.3,63.2,20.3,30.3,47.8,52.2,52.4,83.3,5.6,79.7,47.6,43.4,29.9,46.1,42,42.6,15.3,57.4,36.9,31.8,22.7,8.5
"Crews, Dylan",686611,2026,24,189,5.3,0.613,73,25,0.273,73.8,18.4,34.2,51.3,48.7,51.8,77.3,6.5,81.6,48.2,44,29.3,53.2,32.1,47.8,20.1,65.6,43.3,27.6,23.1,6
"Mesa Jr., Victor",683748,2026,24,104,12.5,0.715,36,13,0.315,76.4,20.1,30.5,35.4,64.6,53.9,80.8,6.6,79.9,46.1,43,25,51.6,43.3,32.8,23.9,67.3,32.8,20.9,25.4,20.9
"Henderson, Gunnar",683002,2026,25,439,7.7,0.697,151,55,0.305,66.5,14.3,32.4,40.6,59.4,51.4,64.5,7.2,85.7,48.6,41.9,23.2,49,44,35,21,64.9,46,26.3,20.3,7.3
"Chapman, Matt",656305,2026,33,352,10.5,0.692,124,35,0.309,62.9,15.4,26.4,41.3,58.7,50.5,70.3,7.1,84.6,49.5,41.3,23.1,44.5,39.3,34.5,26.2,61.3,45.4,20.5,21.8,12.2
"Chourio, Jackson",694192,2026,22,283,7.1,0.834,109,44,0.359,63.1,11,33.8,43.4,56.6,52.9,72.6,6.6,89,47.1,41.4,23.1,47.6,32.6,42.5,24.9,67.5,45.1,29,19.2,6.7
"Ruiz, Keibert",660688,2026,27,212,3.3,0.767,96,29,0.329,65.4,6.9,37.5,27.3,72.7,49.9,66.1,8.8,93.1,50.1,41.1,14.3,51.5,59.7,26.7,13.6,67,42,31.3,19.3,7.4
"Schanuel, Nolan",694384,2026,24,320,8.1,0.741,145,31,0.329,62.9,10.2,28.9,34.1,65.9,50.5,64.3,6.9,89.8,49.5,41,17.9,45.7,40.7,39.4,19.9,64.1,46.5,19.1,29.5,5
"De La Cruz, Elly",682829,2026,24,340,9.7,0.839,117,50,0.363,58.1,18.4,26,48.9,51.1,52.4,73.2,7,81.6,47.6,41.7,28.5,41.3,33.7,39.9,26.4,61.2,47.1,29.3,22.1,1.4
"Horwitz, Spencer",687462,2026,28,295,13.6,0.841,109,36,0.37,58.8,7.3,24.2,32.2,67.8,52.9,62.4,7.1,92.7,47.1,41.3,15.2,40.5,40.5,29,30.5,54.2,39.5,27.6,21,11.9
"Peters, Tristan",671976,2026,26,275,6.5,0.832,98,37,0.361,76.9,16.2,34.8,33.9,66.1,49.7,93.5,6.3,83.8,50.3,44.9,21.6,55.9,51.2,29.8,19,64.4,43.9,24.9,23.9,7.3
"Kelly, Carson",608348,2026,31,251,11.2,0.763,103,35,0.342,66.3,10.9,26,44.4,55.6,52,75.3,7.8,89.1,48,41.4,20.9,45.4,37.1,43.3,19.7,59.8,48.3,23,21.9,6.7
"Durbin, Caleb",702332,2026,26,317,6.9,0.686,121,38,0.301,64.7,8.9,28.4,29.9,70.1,49.5,71,8,91.1,50.5,44.7,15.2,46.7,43.1,38.6,18.3,62.8,49.6,16.3,23.6,10.6
"Bauers, Jake",641343,2026,30,346,13.6,0.881,134,56,0.38,63.7,17,20.4,55.3,44.7,52.2,74,7.4,83,47.8,42.2,26.8,41.1,40.6,32.4,27.1,59.7,42,30.4,25.1,2.4
"Rocchio, Brayan",677587,2026,25,359,7.5,0.751,124,40,0.332,69.1,15.1,33.2,37.2,62.8,54.1,78.3,6,84.9,45.9,42.5,23.1,49.8,44.2,33,22.8,53.8,42,22.8,25.7,9.4
"Tovar, Ezequiel",678662,2026,24,341,5.3,0.573,173,32,0.251,82.4,20.8,45.6,42.1,57.9,53.9,89.7,6.3,79.2,46.1,42.3,29.1,62.6,37.4,38.3,24.3,73,37.4,32.3,23.4,6.8
"Clemens, Kody",665019,2026,30,332,6.6,0.785,133,45,0.336,68.6,18.2,31.9,40.9,59.1,51.9,71,7.7,81.8,48.1,40.8,25.8,49.5,43.5,30.9,25.7,62.5,39.1,31.7,22.6,6.5
"Arenado, Nolan",571448,2026,35,347,8.4,0.731,151,45,0.319,63.3,17,31.2,36.5,63.5,53.9,60.9,7.9,83,46.1,40.4,24.1,46,42.9,39.9,17.2,59.1,37.8,27.3,23.5,11.3
"Trout, Mike",545361,2026,34,354,18.9,0.863,108,58,0.374,61.2,12.7,19.8,51,49,53.2,64.8,7.1,87.3,46.8,41.3,22.9,39.2,40.8,35.2,24,56.6,35.7,34.7,23,6.6
"Lee, Hao-Yu",701678,2026,23,157,4.5,0.677,56,11,0.296,68.9,16.8,33.7,54.7,45.3,51.4,76.5,6.2,83.2,48.6,42.3,29.7,50.8,28.4,38.5,33,65.6,35.8,28.4,27.5,8.3
"Thomas, Colby",687515,2026,25,103,3.9,0.592,45,11,0.258,79,15.4,42.7,61.4,38.6,53.2,88,6.5,84.6,46.8,44.2,32.9,59.7,33.3,43.5,23.2,65,30.4,37.7,20.3,11.6
"Melendez, MJ",669004,2026,27,144,11.8,0.665,53,14,0.302,67.4,26.1,29.5,50.5,49.5,54.6,78.9,6.2,73.9,45.4,43.1,34.5,46.7,50,31.9,18.1,59,26.4,43.1,19.4,11.1
"O'Neill, Tyler",641933,2026,31,175,10.9,0.642,63,21,0.289,67.7,19.5,27.1,57.4,42.6,53.4,71.7,6.6,80.5,46.6,40.3,31.5,46,48.1,32.7,19.2,62.3,26.9,42.3,21.2,9.6
"Swanson, Dansby",621020,2026,32,356,10.4,0.705,158,59,0.308,70.1,20.8,26.3,52.8,47.2,53.2,84.9,7.5,79.2,46.8,41.9,30.4,46.8,47.9,32.1,20.1,58.7,40.6,32.5,19.2,7.7
"Bichette, Bo",666182,2026,28,413,6.1,0.676,143,48,0.297,68.9,8.9,39.6,33.8,66.3,53.5,74.8,6.8,91.1,46.5,40.7,18.8,53.2,25.9,35.8,38.3,62,47.3,24.9,25.6,2.2
"Keith, Colt",690993,2026,24,272,5.5,0.685,114,35,0.301,62.8,13.7,23.8,43,57,48.3,73.8,6.5,86.3,51.7,44.4,21.3,43.9,39.8,40.3,19.9,61.8,40.3,27.4,24.4,8
"Bolte, Henry",703607,2026,22,202,7.4,0.69,59,18,0.313,73.5,21.5,29.8,61.6,38.4,52.8,84.1,6.2,78.5,47.2,40.9,34.1,50.3,32.8,42.6,24.6,64.4,66.4,18,13.9,1.6
"Beavers, Dylan",687637,2026,24,148,10.8,0.669,62,19,0.301,64.3,16.3,24.4,44.2,55.8,50.8,76.9,8.4,83.7,49.2,40.6,24.2,44,37.5,33.3,29.2,60.1,41.7,26,22.9,9.4
"Loperfido, Joey",694388,2026,27,120,11.7,0.647,47,13,0.289,68.5,23,29.6,49.3,50.7,50.5,80.6,6.5,77,49.5,44,31,48.8,27.4,49.3,23.3,75.6,52.1,26,19.2,2.7
"Muncy, Max",571970,2026,35,336,11.9,0.842,152,54,0.365,63.3,18.8,25.7,48.3,51.7,50.5,73.1,8.2,81.2,49.5,41.3,27.5,44.3,52.8,29.4,17.8,55.1,40.7,31.8,22,5.6
"Kiner-Falefa, Isiah",643396,2026,31,132,9.1,0.705,57,19,0.317,66.4,8.9,34.7,32.2,67.8,53.3,65.8,8.1,91.1,46.7,42.9,17.6,49.5,39.2,39.2,21.6,66.7,46.1,15.7,25.5,12.7
"Pages, Andy",681624,2026,25,411,8.3,0.807,161,57,0.348,66.4,11.5,33,42.1,57.9,54.1,73.2,7.6,88.5,45.9,43.3,22.8,48.3,34.6,38.7,26.7,62,36.3,28.1,26,9.6
"Williamson, Ben",810938,2026,25,219,8.7,0.659,76,26,0.297,55.6,9.7,30.1,28.4,71.6,52.2,60.3,6.8,90.3,47.8,43.8,16.6,42.2,27.4,38.9,33.8,59.4,52.2,14.6,29.3,3.8
"Schmitt, Casey",669477,2026,27,370,2.4,0.805,137,42,0.345,72.1,11,36.7,42.7,57.3,49.8,84.8,8.6,89,50.2,39.5,21.6,54.3,37.8,37.5,24.7,62.2,29,34.3,26.1,10.6
"Scott II, Victor",687363,2026,25,184,8.7,0.534,61,19,0.248,68.6,14.7,22.1,59.7,40.3,47.7,89.1,6.7,85.3,52.3,43.9,24.9,46.4,36.1,42.6,21.3,59.2,55.7,17.2,22.1,4.9
"Hedges, Austin",595978,2026,33,145,7.6,0.762,70,17,0.336,65.3,13.1,27.5,46.2,53.8,51.4,80,9.1,86.9,48.6,43.3,23.3,45.8,52.8,31.5,15.7,60.7,49.1,20.4,23.1,7.4
"Freeman, Tyler",671289,2026,27,251,4.4,0.685,96,27,0.313,71.3,6.5,29.8,25.7,74.3,51.5,85.9,7.2,93.5,48.5,39.3,12.4,49.9,35.6,33.5,30.9,62.5,51,20.6,24.2,4.1
"Varsho, Daulton",662139,2026,29,308,8.4,0.695,119,36,0.305,73.6,13.3,36.1,33,67,55,83.3,6.7,86.7,45,41.7,20.7,52.9,35.6,42.5,21.9,60.8,38.8,25.1,26.5,9.6
"Griffin, Konnor",804606,2026,20,247,6.5,0.736,110,35,0.324,67.5,19.5,38.8,49.3,50.7,54.6,75.9,6.1,80.5,45.4,41.9,31.7,51.8,41.4,33.3,25.3,62.3,53.1,17.9,25.3,3.7
"Guerrero Jr., Vladimir",665489,2026,27,387,10.9,0.703,128,51,0.312,68.1,15.2,31,30.2,69.8,55,79.3,6.7,84.8,45,42.2,20.5,47.7,37.1,39.2,23.7,61.4,49.8,17.9,25.8,6.5
"Sánchez, Gary",596142,2026,33,178,19.1,0.816,79,26,0.363,52.4,17.4,19.6,45.6,54.4,54.3,61.2,6.6,82.6,45.7,42.2,25.8,34.6,40.5,40.5,18.9,56.2,39.6,27.9,20.7,11.7
"Marsee, Jakob",805300,2026,25,389,12.9,0.614,121,47,0.287,57.9,8.1,23.2,44.3,55.7,51.5,77.9,6.8,91.9,48.5,43.8,18.9,40,40.8,33.5,25.7,60.7,37.6,23.7,25.7,13.1
"Acuña, Luisangel",682668,2026,24,161,4.3,0.559,65,17,0.251,70.3,12.2,34.2,45.1,54.9,53.8,82.4,6.1,87.8,46.2,41.7,24.1,50.9,37.1,39.5,23.4,64,58.1,16.9,21,4
"Arroyo, Edwin",695490,2026,22,108,2.8,0.57,43,11,0.257,81.1,14.7,40.9,39.2,60.8,51.1,81.8,8.7,85.3,48.9,37.6,23.1,60.6,45.6,30.4,24.1,61.1,40.5,15.2,34.2,10.1
"Vilade, Ryan",668723,2026,27,156,8.3,0.794,75,15,0.341,70.6,16.1,27.8,34.1,65.9,50.1,78.8,8.2,83.9,49.9,44.1,21.2,49.1,31.8,46.4,21.8,62.2,39.1,30.9,20.9,9.1
"Happ, Ian",664023,2026,31,397,12.6,0.758,198,59,0.331,66.1,23.5,24.3,54.1,45.9,51.8,70,6.1,76.5,48.2,40,32.1,44.5,44.2,35,20.7,58.2,37.3,35.5,20.7,6.5
"Tena, José",677588,2026,25,186,7.5,0.718,88,23,0.315,67.6,23.8,31.5,58.2,41.8,51.7,81.7,8,76.2,48.3,42,35.2,48.9,33.3,39.5,27.2,60.2,47.4,18.4,28.9,5.3
"Grichuk, Randal",545341,2026,34,144,3.5,0.796,62,21,0.337,68.3,13.8,33.6,43.8,56.2,50,68.3,7.7,86.2,50,43,23.7,50.9,48.6,27.6,23.8,58.3,38.1,31.4,22.9,7.6
"Rafaela, Ceddanne",678882,2026,25,368,4.9,0.761,131,41,0.333,69.5,16.2,40.7,38.1,61.9,51.9,75,7.3,83.8,48.1,42,24.7,54.5,34.7,31.4,33.9,65.8,44.3,23.6,27.3,4.8
"Andujar, Miguel",609280,2026,31,240,4.2,0.719,107,21,0.31,68.6,11.9,41.2,29.4,70.6,51.5,66.2,7.7,88.1,48.5,39.7,18.8,54.5,44.4,37,18.5,66.1,51.3,18.5,23.8,6.3
"Ramírez, José",608070,2026,33,314,13.1,0.757,113,42,0.328,67.6,10.4,29.7,30.4,69.6,55,80,6.3,89.6,45,40.1,17.3,46.7,48,35.2,16.7,59.7,31.3,30.8,26.9,11
"Antonacci, Sam",803011,2026,23,304,7.2,0.799,70,48,0.358,61.6,10.8,22.7,28.3,71.7,51,77.3,7.4,89.2,49,42.2,15.6,41.8,32.6,41.3,26.1,54.9,48.6,22.9,25.2,3.2
"Massey, Michael",686681,2026,28,246,5.7,0.722,111,30,0.313,66.2,10.6,37.8,35,65,52.6,71.8,7.8,89.4,47.4,38.5,20,51.3,49.7,34.6,15.7,65.4,36.1,35.1,23.6,5.2
"Goldschmidt, Paul",502671,2026,38,262,6.9,0.809,89,32,0.348,64.1,22.4,34.3,31.9,68.1,52.2,72.1,6.5,77.6,47.8,44.4,26.1,48.5,32.8,38.3,28.9,66.8,44.4,27.2,20,8.3
"Heim, Jonah",641680,2026,31,180,7.2,0.74,84,20,0.318,67.2,15.8,34.1,38.1,61.9,51.6,70.9,8.6,84.2,48.4,45.8,23.6,50.2,38.9,35.1,26,66.7,44.3,29,21.4,5.3
"Bell, Josh",605137,2026,33,375,7.5,0.736,147,48,0.32,74.3,18.4,30.6,38.2,61.8,53.5,87.2,6.4,81.6,46.5,40.8,24.8,50.9,41.3,36.7,22,60,39.4,26.9,25.8,8
"Alvarez, Francisco",682626,2026,24,232,7.3,0.733,86,19,0.323,64.2,20,33.1,52.7,47.3,53.9,66.7,7.3,80,46.1,41.8,32.3,47.5,44,42,14,56.9,48,24.7,20,7.3
"Young, Cole",702284,2026,22,384,6.5,0.707,138,45,0.312,66.7,14.3,30.6,31.7,68.3,51,69.5,7.1,85.7,49,41.8,19.9,48.3,44.7,35.8,19.5,64.3,39.7,25.9,24.5,9.9
"Garcia, Maikel",672580,2026,26,294,8.2,0.693,100,32,0.307,55.6,7.3,22.7,31.3,68.8,49.8,64.9,8.6,92.7,50.2,39.6,14.2,39.2,35.1,40.4,24.4,63.6,44.9,21.3,26.7,7.1
"Carpenter, Kerry",681481,2026,28,231,7.8,0.755,90,26,0.325,66.6,19.4,35.9,47.3,52.7,55.3,77.1,5.2,80.6,44.7,40.7,30.5,49.6,43.3,32.1,24.6,55.8,30.6,41,21.6,6.7
"Correa, Carlos",621043,2026,31,141,12.8,0.787,66,22,0.347,61.2,15.7,32,34,66,55.3,61.4,7.6,84.3,44.7,40,22.9,45,40.2,29.9,29.9,57.1,47.4,16.5,32,4.1
"Sullivan, Brett",664954,2026,32,133,5.3,0.65,60,12,0.282,69.5,13,33.9,29.3,70.7,49.9,73.3,6.2,87,50.1,42.9,18.3,51.8,52.9,27.5,19.6,65.4,36.3,29.4,23.5,10.8
"Wood, James",695578,2026,23,454,17.4,0.985,133,89,0.416,57.3,17.8,22,58.6,41.4,55.2,72.2,7.5,82.2,44.8,41.1,30.9,37.8,30.2,37.2,32.6,56.9,41.3,29.3,27.7,1.7
"Conforto, Michael",624424,2026,33,160,11.9,0.817,61,20,0.351,61.9,16.2,27.5,56.3,43.8,53.9,79.5,6.8,83.8,46.1,42.3,29.9,43.4,43.6,36.2,20.2,60.6,35.1,37.2,25.5,2.1
"Vargas, Miguel",678246,2026,26,409,13.7,0.848,129,64,0.366,68.9,17.6,21.2,26,74,50.7,74.3,6.3,82.4,49.3,42.5,19.6,44.7,43.9,33.6,22.5,61.4,31.1,37.1,23.2,8.6
"Dubón, Mauricio",643289,2026,31,372,6.7,0.739,121,42,0.324,69.4,9.2,37.4,27.6,72.4,54.6,84.2,6.8,90.8,45.4,40.4,16.4,51.9,32,39.2,28.9,58.9,41.9,24.1,25.8,8.2
"Abreu, Wilyer",677800,2026,27,400,9.8,0.76,172,45,0.331,69.2,18.7,31,34.4,65.6,52.2,76.4,6.9,81.1,47.8,43.4,23.8,49.3,35.4,37.2,27.4,60,33.6,36.1,23.5,6.9
"Holliday, Jackson",702616,2026,22,142,14.8,0.702,44,17,0.313,64.3,24.7,24.5,49.3,50.7,54.3,76.2,7.4,75.3,45.7,47.5,32.4,42.7,40.5,36.9,22.6,61.3,40.5,29.8,26.2,3.6
"Karros, Kyle",691720,2026,23,323,12.4,0.798,128,47,0.349,68,12.2,24.7,53.3,46.7,54.7,77.4,7,87.8,45.3,39.3,24.7,44.3,40.6,34.9,24.5,60.6,42.9,23.6,27.8,5.7
"Romo, Drew",691011,2026,24,120,10,0.541,48,9,0.242,68.8,16.7,33.2,50,50,55.7,76.9,6,83.3,44.3,41.1,29.2,49,39.5,42.1,18.4,59.2,42.1,35.5,14.5,7.9
"Martin, Austin",668885,2026,27,272,13.2,0.688,82,33,0.317,61.7,12.8,17.6,46.4,53.6,50.8,78.5,7.3,87.2,49.2,44.4,20.5,39.3,37.4,37.4,25.3,57,47.8,24.7,23.6,3.8
"Davis, Henry",680779,2026,26,188,9.6,0.611,98,24,0.274,75.4,14.7,31.1,46.3,53.7,50.4,85,8.7,85.3,49.6,37.4,24,53.1,57.5,29.1,13.4,64.4,38.6,26,17.3,18.1
"White, Eli",642201,2026,32,125,6.4,0.671,56,15,0.293,72.6,19.4,28.6,47.3,52.7,52.5,75,6.5,80.6,47.5,45.2,27.9,49.5,37.1,38.2,24.7,58.4,55.1,24.7,18,2.2
"Rogers, Jake",668670,2026,31,100,11,0.602,34,11,0.269,60.2,20.9,27.4,47.4,52.6,52.1,78.6,7,79.1,47.9,40.9,29.7,43.1,43.1,32.8,24.1,67,24.1,43.1,20.7,12.1
"Ballesteros, Moisés",694208,2026,22,175,9.7,0.688,60,16,0.303,68.4,16.5,35.2,41.5,58.5,58.3,73.2,6.2,83.5,41.7,40.5,26.9,49,37.7,36.1,26.2,60.6,46.7,22.1,24.6,6.6
"Hoskins, Rhys",656555,2026,33,263,16,0.68,101,28,0.306,63.5,25.9,21.5,48.4,51.6,53.3,75.8,5.9,74.1,46.7,41,32.2,41.1,56.3,22.2,21.5,55.1,28.1,29.6,22.2,20
"Arraez, Luis",650333,2026,29,402,6,0.829,95,48,0.355,64.5,6.4,32.2,11.5,88.5,47.7,72.5,9.6,93.6,52.3,39.5,8,49.1,31.2,37,31.8,62.9,39.8,29,27,4.2
"Pasquantino, Vinnie",686469,2026,28,299,11,0.653,115,28,0.29,63.4,9.8,30.3,27.1,72.9,54.4,75.9,6.9,90.2,45.6,40.6,16.1,45.4,42.9,34.9,22.2,60.2,31.6,26.4,27.8,14.2
"Quero, Edgar",700337,2026,23,172,7,0.486,84,12,0.225,73.9,16.8,27.1,41.3,58.7,52.6,78.8,8,83.2,47.4,42.6,23.9,49.2,31,45.7,23.3,55.8,51.7,26.7,18.1,3.4
"Adell, Jo",666176,2026,27,399,3,0.686,158,42,0.301,76.1,15.4,37.6,45.8,54.2,53.8,83.3,7.1,84.6,46.2,38.9,26.4,55.4,37.6,35.9,26.5,62.4,40.1,25.8,24.7,9.4
"Robles, Victor",645302,2026,29,106,4.7,0.514,44,7,0.236,76.4,10.3,36.1,45.2,54.8,53.2,100,7.9,89.7,46.8,38.4,22.5,55,50.6,28.4,21,68.9,43.2,28.4,21,7.4
"Isbel, Kyle",664728,2026,29,183,5.5,0.652,69,16,0.289,62.2,7.7,33.5,38.8,61.2,52.3,67.4,6.5,92.3,47.7,42.8,19.2,47.2,29.5,36.4,34.1,62.3,48.1,17.1,24.8,10.1
"Vierling, Matt",663837,2026,29,262,7.3,0.597,118,23,0.262,63,10.9,32.8,31.3,68.7,50.2,74.2,6.7,89.1,49.8,42.8,17.9,47.8,33.5,41,25.5,59.9,38.5,27,22.5,12
"Langford, Wyatt",694671,2026,24,191,6.3,0.819,75,26,0.353,68.8,16.2,27.2,40,60,48.7,81.7,8.4,83.8,51.3,43,22.7,48.5,38,35,27,68.1,38,29.2,21.2,11.7
"Turner, Trea",607208,2026,33,415,6,0.639,141,62,0.283,69.3,15.3,35.4,49.8,50.2,52.8,84.8,6.7,84.7,47.2,43.1,27.8,51.4,30.1,41.2,28.7,62.7,47.3,27.7,20.3,4.7
"Canzone, Dominic",686527,2026,28,254,8.7,0.864,99,33,0.369,62.6,20.3,32.8,41.5,58.5,54.6,67.9,5.9,79.7,45.4,42,28.5,46.3,41.5,38.6,19.9,59.8,44.3,27.8,24.4,3.4
"Neto, Zach",687263,2026,25,423,10.4,0.779,126,67,0.339,69.8,17.6,36.1,54.4,45.6,56.3,76.6,6.6,82.4,43.7,38.2,32.2,50.9,49,29.3,21.8,63.7,31.8,37.7,21.3,9.2
"Rice, Ben",700250,2026,27,390,12.3,0.971,111,64,0.408,63.8,13.5,24.2,49.5,50.5,52.3,80.8,6.5,86.5,47.7,42.3,24.1,43.1,48,32.3,19.8,60.6,42.7,29.8,22.6,4.8
"Alonso, Pete",624413,2026,31,419,11.9,0.82,182,59,0.355,65.3,18.5,26.1,47.4,52.6,54.6,69.6,7.2,81.5,45.4,38.7,27.9,43.9,36.4,41.4,22.2,61.4,42.1,31.4,22.2,4.2
"Albies, Ozzie",645277,2026,29,410,7.1,0.759,146,61,0.327,79.3,13.9,36.4,31.5,68.5,55.6,85.6,6.6,86.1,44.4,41,20.3,55.5,45.7,32.9,21.4,60.6,35.4,32.3,25.2,7.1
"Taylor, Tyrone",621438,2026,32,129,3.9,0.665,48,14,0.286,67.8,13.5,37.9,39.1,60.9,51.4,61.4,9.3,86.5,48.6,37.6,23,52.4,48.5,32.7,18.8,62,35.6,33.7,18.8,11.9
"Mead, Curtis",678554,2026,25,296,11.1,0.843,115,42,0.365,58.2,9.5,25.3,32.9,67.1,52.5,65.1,6.6,90.5,47.5,43.4,17.1,40.9,46.6,33.3,20.1,64.5,36.8,32.4,22.5,8.3
"Torkelson, Spencer",679529,2026,26,371,11.1,0.718,144,38,0.316,64.8,19.8,22.2,61.5,38.5,51.5,79,7.8,80.2,48.5,40.1,31,42.9,48.5,30.7,20.8,58.2,30.7,35.6,27.7,5.9
"Lee, Jung Hoo",808982,2026,27,351,4,0.762,99,46,0.332,62.2,5.3,31,28.5,71.5,50.1,65.2,8.7,94.8,49.9,42.5,13,46.5,39,35.3,25.7,62.4,45,20.7,31,3.3
"Del Castillo, Adrian",680728,2026,26,164,7.3,0.555,65,12,0.247,67.7,18.5,29.8,50.5,49.5,52.5,77.4,7.9,81.5,47.5,42.3,29,47.8,33.7,45.2,21.2,62.8,36.5,31.7,22.1,9.6
"Heineman, Tyler",623168,2026,35,107,2.8,0.45,39,8,0.207,69.6,9.4,43.3,36.7,63.3,53.1,83.3,6.1,90.6,46.9,41.6,20.6,55.6,50.6,30.4,19,58.9,51.9,22.8,17.7,7.6
"Jones, Jahmai",663330,2026,28,105,9.5,0.44,64,7,0.206,72.3,21.9,29.7,59.7,40.3,54.1,76.5,8.8,78.1,45.9,39.1,34.2,49.2,46.7,41.7,11.7,60,38.3,28.3,23.3,10
"Pederson, Joc",592626,2026,34,294,12.2,0.796,86,35,0.345,62.8,21,28.5,47.7,52.3,51.1,65.6,5.1,79,48.9,40.5,29.6,45.3,40.4,35.6,23.9,56.8,42,27.1,23.9,6.9
"Cruz, Oneil",665833,2026,27,283,10.6,0.822,102,45,0.357,58.4,24.9,32.4,55.7,44.3,56.6,62.3,6.7,75.1,43.4,41,37.8,43.6,42.1,37.5,20.4,62.6,47.4,24.3,25,3.3
"DeLuca, Jonny",676356,2026,27,176,5.1,0.717,89,22,0.312,70.6,18.6,35.5,45.9,54.1,52.4,79.1,6.5,81.4,47.6,44.3,28.3,52.2,44.6,29.2,26.2,63.1,38.5,23.1,23.1,15.4
"Nimmo, Brandon",607043,2026,33,384,7.8,0.756,129,38,0.33,69.8,15.2,28.6,40.8,59.2,48.3,83.7,7.1,84.8,51.7,42.5,22.3,49.9,30.3,47.2,22.5,60.2,40.1,28.1,29.6,2.2
"Gilbert, Drew",687551,2026,25,216,8.8,0.692,95,21,0.304,58.9,10.9,25,46.6,53.4,50.4,62.9,7.6,89.1,49.6,42.3,21.6,41.8,39.1,32.7,28.2,65,45.5,17.9,24.4,12.2
"Keaschall, Luke",807712,2026,23,355,9.6,0.696,129,48,0.314,61.5,9.5,22.5,36.4,63.6,50.8,69.1,7.3,90.5,49.2,40.2,16.9,41.7,38.1,31.5,30.4,59,37.7,27.6,25.3,9.3
"García, Adolis",666969,2026,33,259,8.1,0.599,98,21,0.268,63.5,21.7,29.8,58.4,41.6,53.7,74.1,5.4,78.3,46.3,40.9,34.6,45.4,36,40.7,23.3,54.8,39.3,23.3,28.7,8.7
"Osuna, Alejandro",696030,2026,23,190,8.9,0.653,75,21,0.305,64,10.5,30.7,26.9,73.1,49.6,68.7,9.8,89.5,50.4,45.1,15.7,47.4,25.2,37.4,37.4,62.1,50.4,13.7,28.8,7.2
"Caballero, José",676609,2026,29,298,5.4,0.698,105,36,0.306,64.9,21.7,36.3,36.1,63.9,52.4,72.8,6.8,78.3,47.6,44.2,27.3,49.9,42.8,35.1,22.1,62.1,50.5,19.7,20.2,9.6
"Torres, Gleyber",650402,2026,29,190,15.3,0.79,57,26,0.355,63.2,17.4,16.4,38.2,61.8,50.9,75.8,8.1,82.6,49.1,43.7,21.8,39.4,17.5,40.5,42.1,55.3,46.8,26.2,24.6,2.4
"Larnach, Trevor",663616,2026,29,291,11.7,0.83,76,44,0.366,58.2,13.6,29.3,46.4,53.6,53.9,65.1,7.5,86.4,46.1,40.2,25.8,42.6,42.2,38.2,19.6,62.2,36.8,25,28.4,9.8
"Gonzales, Nick",693304,2026,27,373,7.5,0.761,142,51,0.34,76.2,17,31.7,39.9,60.1,52.2,83.6,7.8,83,47.8,41.1,24.1,52.9,42.1,29.3,28.6,57.6,54.6,18.7,23.8,2.9
"Freeman, Freddie",518692,2026,36,408,11.5,0.862,161,52,0.375,75.9,16.1,27.3,33.5,66.5,53.3,88,7,83.9,46.7,41.2,21.2,50,33.4,37.5,29,55.4,41.6,29.4,25.3,3.8
"Caminero, Junior",691406,2026,22,411,12.9,0.927,155,61,0.392,60.4,15.2,28.8,35,65,57.5,72.4,5.5,84.8,42.5,38.8,23,42.2,47,34.8,18.3,52.1,49.5,22.6,20.1,7.9
"Chisholm Jr., Jazz",665862,2026,28,360,10.3,0.698,139,47,0.306,62.1,24.8,29.1,43.1,56.9,52.9,79.8,7.1,75.2,47.1,40.6,31.3,44.7,54.8,28.6,16.6,60.7,43.8,28.1,18.9,9.2
"Fry, David",681807,2026,30,149,14.1,0.69,59,16,0.307,61,23.6,26.7,44.8,55.2,53.4,68,7.4,76.4,46.6,43.3,30.7,42.7,61,26.8,12.2,57.4,37.8,31.7,18.3,12.2
"Clement, Ernie",676391,2026,30,374,3.5,0.751,130,42,0.326,71.1,9.4,44.7,25.8,74.2,51.8,83.8,7,90.6,48.2,42.2,16,57.4,43.9,37.7,18.4,67.9,38.3,27.3,24.8,9.5
"Lee, Brooks",686797,2026,25,373,7.5,0.737,131,44,0.322,72.5,11.5,33,40.6,59.4,51.9,76.1,7.8,88.5,48.1,37.1,21,52,42,32.9,25.1,63,39.2,27.9,25.8,7.1
"Perkins, Blake",663368,2026,29,101,9.9,0.508,50,14,0.235,59.2,16.8,28.9,28.6,71.4,52,67.5,9.5,83.2,48,40.3,20.9,43.4,42.6,30.9,26.5,68.3,44.1,22.1,20.6,13.2
"Foscue, Justin",679822,2026,27,118,8.5,0.908,46,15,0.388,58.5,14.5,28.3,35.5,64.5,48.1,60.6,7.3,85.5,51.9,44.2,21,44,39,39,22.1,61.9,37.7,28.6,20.8,13
"Carter, Evan",694497,2026,23,266,12.4,0.635,107,32,0.289,61.4,17.5,19.5,60.2,39.8,49.9,76.9,8.2,82.5,50.1,42.2,27.8,40.5,37.2,37.8,25,63.9,39.6,31.7,18.9,9.8
"Meckler, Wade",685133,2026,26,141,9.9,0.793,42,19,0.353,66.2,11.1,27.8,53.5,46.5,52.5,73.2,8.4,88.9,47.5,40.3,24.6,46.1,33.3,45.8,20.8,56,45.8,20.8,33.3,0
"Taveras, Leody",665750,2026,27,290,9.7,0.678,98,35,0.302,67.6,16.1,30.8,43.8,56.2,54.7,78.9,6.6,83.9,45.3,42.1,26,47.5,33.3,42.3,24.3,64.8,45,23.3,22.8,9
"Edwards, Xavier",669364,2026,26,409,12.2,0.81,138,50,0.355,63.1,9.6,22.9,27.1,72.9,52,73.6,7.7,90.4,48,42.9,14.6,42.2,30.5,38.6,30.9,58,46.6,22.8,26,4.5
"McNeil, Jeff",643446,2026,34,294,7.1,0.592,120,23,0.266,81,9.9,33,31.3,68.7,51.3,90,7.4,90.1,48.7,42.3,16.3,56.2,39.1,33.5,27.5,59.4,42.5,21.9,28.3,7.3
"Bader, Harrison",664056,2026,32,111,3.6,0.556,57,10,0.238,69.1,21.3,38.7,50,50,51.5,66.7,6.4,78.7,48.5,42,32,53.4,46.6,28.8,24.7,68.5,47.9,21.9,21.9,8.2
"Harris II, Michael",671739,2026,25,353,4.2,0.817,117,45,0.352,68.1,11,44.8,45.3,54.7,55.1,75,6.6,89,44.9,39.9,26.3,55.3,34.2,44.9,20.9,64.6,44.1,24.3,25.9,5.7
"Kwan, Steven",680757,2026,28,354,13,0.614,114,37,0.286,51,4.6,22.1,18.2,81.8,50.6,54.5,7.3,95.4,49.4,42.4,8.8,36.3,27.6,39.9,32.5,59.2,41,23.1,28.7,7.1
"Crawford, Justin",702222,2026,22,287,5.9,0.665,108,28,0.296,68.3,14.9,38.8,27.5,72.5,50.1,81.6,7,85.1,49.9,40.6,19.4,53.5,27.3,39.2,33.5,69,55.5,16.3,23.9,4.3
"Wells, Austin",669224,2026,26,220,10.9,0.505,87,19,0.229,67.6,20.8,30.1,49.3,50.7,52.5,78.9,8,79.2,47.5,42.3,30.2,47.9,50.4,26.7,23,58,35.6,33.3,18.5,12.6
"Loftin, Nick",679845,2026,27,205,10.2,0.749,73,26,0.331,59.4,7.6,21.7,34.6,65.4,49.8,76.6,8.5,92.4,50.2,43.3,14.8,40.6,45.1,34,20.9,51.7,43.1,28.8,24.2,3.9
"Alexander, Blaze",677942,2026,27,246,6.5,0.807,79,31,0.354,82.5,21.2,29.6,39.1,60.9,49.9,87.1,6.6,78.8,50.1,40.2,25.9,56.1,31.2,38.2,30.6,60.4,47.1,21.2,30,1.8
"Lopez, Otto",672640,2026,27,410,4.9,0.873,137,61,0.376,61.7,9.1,33,40.6,59.4,51.8,74.8,6.9,90.9,48.2,42.5,20.6,46.8,32.3,38.4,29.3,59.8,51.2,23.2,22,3.7
"Emerson, Colt",806068,2026,20,160,8.1,0.671,65,17,0.294,65.6,26.5,37.3,47.3,52.7,53.5,72.1,6.6,73.5,46.5,41.9,34.7,50.5,37.8,34.4,27.8,61.3,45.6,23.3,22.2,8.9
"Stephenson, Tyler",663886,2026,29,257,10.9,0.68,96,18,0.304,67.1,13.3,21.1,66.3,33.7,48.9,87.8,8.2,86.7,51.1,43.2,25.6,44.6,37.3,35.5,27.1,61.5,33.1,31.3,29.5,6
"Realmuto, J.T.",592663,2026,35,257,7.4,0.634,109,27,0.284,63.9,16.8,32.1,38.5,61.5,51.3,78.9,7.3,83.2,48.7,44.4,24.3,47.6,40.7,31.6,27.7,60.7,41.8,28.8,26,3.4
"Sosa, Lenyn",672820,2026,26,117,0.9,0.49,52,11,0.213,64.8,10.3,50,31.5,68.5,59.2,46.4,6.4,89.7,40.8,42.1,21.5,56,38.9,32.2,28.9,66.7,40,25.6,23.3,11.1
"Valenzuela, Brandon",678218,2026,25,184,10.9,0.729,72,19,0.322,70.9,14.3,29.2,49.1,50.9,51.3,77,8.2,85.7,48.7,39.6,24.9,49.5,40.7,38.1,21.2,65.8,38.1,26.3,28,7.6
"Moniak, Mickey",666160,2026,28,227,5.7,0.9,79,30,0.38,76.4,16,42.5,50,50,53.5,88.4,5.4,84,46.5,38.2,29.2,58.3,51,34,15,65.2,33.3,39.9,17,9.8
"Moncada, Yoán",660162,2026,31,130,13.1,0.605,54,9,0.281,56.7,17.8,21.1,58.6,41.4,49.8,50,6.5,82.2,50.2,42.2,28.8,38.9,39.4,40.9,19.7,58.5,34.8,36.4,25.8,3
"Merrill, Jackson",701538,2026,23,392,7.1,0.628,149,43,0.276,78.8,18.2,35.3,43.4,56.6,54.6,86.3,6.1,81.8,45.4,41.4,27,55,38.9,33.2,27.9,62.6,41.1,26.4,26,6.4
"Burleson, Alec",676475,2026,27,398,8,0.805,174,49,0.347,69.6,16.1,34.8,29.3,70.7,52.4,82.7,6.8,83.9,47.6,40.7,20.8,51.4,47.7,29.1,23.2,63.4,45,28.5,20.9,5.6
"Lowe, Josh",666139,2026,28,185,4.9,0.62,61,17,0.27,76,23.2,40.2,39.2,61.4,50.4,83.3,7.1,76.8,49.6,42.9,28.8,57.9,36.8,40,23.2,70.3,37.6,37.6,16.8,8
"Stowers, Kyle",669065,2026,28,305,9.2,0.777,131,36,0.336,75.1,23.9,33.4,57.2,42.8,54,81.3,7.9,76.1,46,42,35.3,52.6,49.7,31.4,18.9,63.5,38.9,28.6,24.6,8
"Adames, Willy",642715,2026,30,384,6.5,0.701,153,45,0.304,65.8,16.4,32.3,52,48,51.7,69,7.8,83.6,48.3,41.8,28.7,48.5,50.2,29.1,20.7,63.5,34.3,33.1,21.9,10.8
"Walls, Taylor",670764,2026,29,267,11.6,0.59,87,36,0.273,62.4,16.4,24.6,38.7,61.3,51.4,75.9,7.3,83.6,48.6,41.2,23,43,37.1,32.9,29.9,59.2,41.3,29.9,19.2,9.6
"Alvarez, Yordan",670541,2026,29,420,15,1.059,116,65,0.439,62.7,10.8,27.2,36.2,63.8,55,72.6,7.1,89.2,45,40.9,19.6,43.2,41.4,32.9,25.7,60.3,28.6,40,26.4,5
"Contreras, Willson",575929,2026,34,364,9.6,0.921,122,46,0.395,67.6,17.1,33.7,51.1,48.9,55.1,71.8,6,82.9,44.9,39.5,30,48.9,49.3,32.9,17.8,64.3,39.6,27.6,21.8,11.1
"Muncy, Max",691777,2026,23,175,8,0.699,67,24,0.306,68.4,19.8,34.5,55.1,44.9,52.6,82.2,6.4,80.2,47.4,44.4,32.5,50.6,43.4,32.3,24.2,67.4,46.5,24.2,20.2,9.1
"Cowser, Colton",681297,2026,26,231,11.3,0.652,99,28,0.293,61,22.8,29.2,55.3,44.7,52.7,67.1,7.2,77.2,47.3,42.9,34.1,44.2,36.8,39.8,23.3,58.4,42.9,32.3,19.5,5.3
"Busch, Michael",683737,2026,28,424,14.9,0.763,177,40,0.342,63.2,15.3,23.9,46.8,53.2,53.8,76.9,7,84.7,46.2,43,24.9,42,37,35.4,27.6,61.2,40.1,35.8,20.6,3.5
"McLain, Matt",680574,2026,26,309,11.7,0.621,123,32,0.283,61.8,18,25.3,48.5,51.5,52.4,61.5,7.4,82,47.6,41.3,27.4,42.6,34.2,39,26.7,62.1,34.8,33.7,21.4,10.2
"Machado, Manny",592518,2026,33,390,11.3,0.708,149,46,0.305,67,18.6,31,42.6,57.4,53.2,75.6,5.8,81.4,46.8,43,26.9,47.9,42.1,32.4,25.5,61.6,40.9,27.4,23.9,7.7
"Vargas, Ildemaro",545121,2026,34,300,5.3,0.696,119,40,0.303,60.2,8.6,39.3,23,77,51.9,68.3,7.8,91.4,48.1,43.5,14.5,49.4,43.3,38.5,18.3,58.1,45.6,17.9,26.2,10.3
"Devers, Rafael",646240,2026,29,407,9.3,0.798,167,49,0.342,68.5,25.8,29.2,35.9,64.1,50.8,72.5,7.9,74.2,49.2,38.8,28.9,48.5,33.1,43.2,23.7,58.1,40.1,34.6,19.1,6.2
"Barrosa, Jorge",678489,2026,25,129,7.8,0.603,43,19,0.267,59.5,18,30.1,42.2,57.8,54.3,55.8,7.8,82,45.7,41.2,27.1,43.6,43.9,41.5,14.6,60.5,43.9,29.3,18.3,8.5
"Marte, Noelvi",682622,2026,24,137,6.6,0.623,58,15,0.272,65.9,11.1,36.9,46.4,53.6,56.2,86.1,6.8,88.9,43.8,41.3,25.9,49.6,46.2,37.6,16.1,56.2,59.1,18.3,12.9,9.7
"Lile, Daylen",695734,2026,23,403,6,0.698,173,49,0.304,75.9,13.9,37.5,36.4,63.6,53.5,84.3,6.3,86.1,46.5,41.2,22,55.4,41.6,29.4,29,64.7,35.6,34.7,23.1,6.6
"Ohtani, Shohei",660271,2026,31,406,14.8,0.952,115,65,0.402,62.6,18.6,29.1,46.4,53.6,54.7,72.2,6.2,81.4,45.3,40.2,28.6,44.3,50,28,22,59.9,41.1,31.7,23.6,3.7
"Diaz, Yainer",673237,2026,27,174,3.4,0.688,80,18,0.297,73.7,10.7,40.7,41.3,58.7,52.8,78,7.3,89.3,47.2,41.9,22.4,56.3,37.9,42.1,20,65.5,57.1,17.1,20.7,5
"Soler, Jorge",624585,2026,34,310,10,0.684,132,33,0.302,68.8,23.9,27.5,63.1,36.9,52.2,76.5,6.8,76.1,47.8,39.4,35.8,47.3,51.4,29.6,19,63.2,39.7,26.3,27.9,6.1
"Walker, Jordan",691023,2026,24,395,8.1,0.886,167,62,0.38,71.7,21.2,35.1,48.1,51.9,54.2,76.8,6.7,78.8,45.8,41.3,31.1,51.9,38.9,38.5,22.5,66.1,41.6,24.8,26.7,6.9
"Simpson, Chandler",802415,2026,25,355,5.1,0.653,118,39,0.29,62.6,6.7,31.2,18.2,81.8,48.6,69.8,8.3,93.3,51.4,40.7,10.3,47.2,28,41.1,30.9,68.7,62.2,13.2,21.7,3
"Young, Jared",676724,2026,30,157,7,0.744,53,16,0.326,70.7,16.7,27.3,42.4,57.6,54.6,80.6,5.8,83.3,45.4,43.4,24.8,47,42.7,42.7,14.5,54.1,48.2,22.7,20.9,8.2
"Rushing, Dalton",687221,2026,25,205,9.3,0.812,86,30,0.353,71.1,20.9,31.4,48.4,51.6,52.5,86.7,5.9,79.1,47.5,41.5,29.9,50.3,46.5,33.3,20.2,63.9,34.1,25.6,30.2,10.1
"Jackson, Jeremiah",669236,2026,26,212,1.9,0.674,103,24,0.29,78.4,17.2,38.8,45.1,54.9,48,81.5,9.1,82.8,52,42.2,25.9,59.4,43,31.5,25.5,66.5,51.5,23.6,19.4,5.5
"Buxton, Byron",621439,2026,32,335,6.9,0.903,126,57,0.382,73.5,16.5,34.7,57.2,42.8,53.6,77.6,6.2,83.5,46.4,42.4,30.9,52.7,48,31.6,20.4,62.9,31.1,36.4,20.4,12
"Torrens, Luis",620443,2026,30,178,5.6,0.593,71,20,0.267,63.7,14.1,34.3,35.7,64.3,53.9,78.9,8.2,85.9,46.1,41.7,22.5,47.9,31,38.9,30.2,56.7,57.1,15.9,21.4,5.6
"Nootbaar, Lars",663457,2026,28,121,13.2,0.778,45,16,0.341,51.4,11.1,18.6,42.9,57.1,48,60.6,7,88.9,52,43.9,19,35.7,44.3,34.2,21.5,62.5,46.8,27.8,24.1,1.3
"Friedl, TJ",670770,2026,30,214,7.5,0.529,68,18,0.243,62.7,13.1,26.9,54.6,45.4,50.8,73.8,8.2,86.9,49.2,44,25.9,44.5,38,39.4,22.5,63.1,45.8,23.9,20.4,9.9
"Fermin, Freddy",666023,2026,31,162,10.5,0.52,73,15,0.239,69.9,13.4,32,44.2,55.8,54.1,84.6,6,86.6,45.9,44.6,24.2,49.4,39.6,36.9,23.4,56.8,41.4,29.7,19.8,9
"McGonigle, Kevin",805808,2026,21,413,14.5,0.812,120,58,0.364,68,11.5,18,31.6,68.4,51.3,78.9,7.3,88.5,48.7,43.3,15.9,42.4,39.5,35.4,25.2,53.8,32,35,23.5,9.5
"Millas, Drew",686452,2026,28,152,9.2,0.539,73,18,0.251,61.8,14.3,28.8,41.4,58.6,51.6,61.1,6.2,85.7,48.4,43.6,23.3,44.8,36.5,31.3,32.3,69.7,44.8,19.8,29.2,6.3
"Ozuna, Marcell",542303,2026,35,250,9.6,0.623,125,19,0.279,61.2,19.4,26,54.9,45.1,53.4,60.7,7.6,80.6,46.6,41.8,31,42.4,38.8,36.7,24.5,58.6,29.9,30.6,28.6,10.9
"Thomas, Lane",657041,2026,30,269,12.6,0.725,84,26,0.323,63.1,14.4,20.8,39.5,60.5,52,72.3,7.5,85.6,48,41.2,21,41.1,48,36.4,15.6,57.2,37,25.4,26,11.6
"Vivas, Jorbit",678391,2026,25,210,9,0.649,84,21,0.294,76.8,8.7,26.1,40.4,59.6,52.3,86.9,8.4,91.3,47.7,40.2,17.3,50.3,41.5,30.8,27.7,64.8,46.5,20.1,26.4,6.9
"Baty, Brett",683146,2026,26,328,9.1,0.611,116,35,0.276,68.3,18.5,28.1,53.2,46.8,50.5,76.6,8.5,81.5,49.5,42.6,28.8,48,37.6,35.6,26.8,63.7,44.4,24.4,25.9,5.4
"Butler, Lawrence",671732,2026,25,274,12,0.592,99,31,0.271,67.3,22.9,23.6,45.9,54.1,50.6,72,6.6,77.1,49.4,42,28.8,45.2,37.1,34.7,28.1,62.4,53.9,17.4,24.6,4.2
"Sánchez, Jesús",660821,2026,28,234,4.3,0.753,85,22,0.325,72.6,18.5,39.7,38.2,61.8,53.4,84.9,6,81.5,46.6,42.5,26.1,55,33.5,41.9,24.6,67.8,44.9,24,23.4,7.8
"Wallner, Matt",670242,2026,28,135,7.4,0.551,71,14,0.253,74.2,31.8,31.6,70.7,29.3,51.8,75.8,5.9,68.2,48.2,43.6,44,52.1,44.8,40.3,14.9,65.2,50.7,20.9,23.9,4.5
"Martínez, Angel",682657,2026,24,243,2.9,0.718,99,28,0.31,66.8,10.6,43.7,30.8,69.2,52.8,70.9,6.1,89.4,47.2,43.1,19.2,54.7,44.9,35.4,19.7,70,42.7,26.4,24.2,6.7
"Straw, Myles",664702,2026,31,164,7.9,0.626,61,26,0.278,58.7,8.1,19,23.3,76.7,49.8,60.7,8.9,91.9,50.2,40.3,11.8,38.9,38.8,38.8,22.5,51.2,44.2,27.9,19.4,8.5
"Matthews, Brice",694728,2026,24,226,6.6,0.582,90,23,0.257,67.7,24.2,25.3,64.7,35.3,50.4,74.3,7.9,75.8,49.6,41,35.3,46.3,34.3,47.9,17.9,61.9,50,24.3,17.9,7.9
"Moreno, Gabriel",672515,2026,26,275,11.6,0.821,90,34,0.363,54.2,10.2,30.4,25.9,74.1,53,51.2,6.7,89.8,47,41.4,16.6,41.6,38.6,25.9,35.5,57.1,44.7,23.9,25.9,5.6
"Caratini, Victor",605170,2026,32,264,9.8,0.704,112,23,0.313,58.2,10,25.4,49.2,50.8,51.8,54,6.3,90,48.2,43.9,22.5,41.2,38,36.3,25.7,63.9,44.1,24.6,26.3,5
"Gorman, Nolan",669357,2026,26,229,10.9,0.597,98,19,0.266,70.5,27.5,31.8,61.3,38.8,53.1,81.7,7.5,72.5,46.9,41.8,38.9,49.9,43.1,30,26.9,65.9,31.5,36.9,23.8,7.7
"Vaughn, Andrew",683734,2026,28,171,11.7,0.871,84,20,0.38,60.9,12.8,22.7,31.2,68.8,52.5,69.5,9.1,87.2,47.5,39.8,18.2,40.5,34.6,39.2,26.2,54.4,43.8,23.1,28.5,4.6
"García Jr., Luis",671277,2026,26,319,4.7,0.871,122,45,0.37,69.6,11,40.5,30.8,69.2,54.6,73.6,6.3,89,45.4,42,19.2,53.7,41,37.1,21.9,68,44.9,20.7,27.3,7
"Mullins, Cedric",656775,2026,31,319,8.2,0.617,147,32,0.276,71.8,16.9,30.4,33.5,66,52.5,80.2,7.4,83.1,47.5,42.2,22.5,50.1,46.2,30.8,23.1,57.4,29.4,31.7,20.4,18.6
"Turang, Brice",668930,2026,26,416,13,0.826,139,66,0.358,62.8,16.2,23.8,35.7,64.3,51.2,73.2,7,83.8,48.8,42.8,21.8,42.7,27.8,39,33.2,61.3,47.1,23.9,28.2,0.8
"Schwarber, Kyle",656941,2026,33,414,14.3,0.927,112,57,0.395,67.5,24.7,25.2,59.6,40.4,53.9,77.2,6.4,75.3,46.1,41.1,35.3,44.7,54.1,29.5,16.4,57.1,27.5,34.3,28.5,9.7
"Sosa, Edmundo",624641,2026,30,162,3.1,0.625,62,17,0.272,70.5,13.1,53.6,38.7,61.3,54.4,70,6.7,86.9,45.6,39.6,25.3,61.3,39.8,44.9,15.3,67.3,47.5,17.8,26.3,8.5
"Bazzana, Travis",683953,2026,23,282,11.3,0.719,85,30,0.318,64.6,17.4,26,49.4,50.6,52.2,78.4,6.5,82.6,47.8,44.5,27.1,44.5,39.8,36.6,23.7,58.5,42.5,29,18.3,10.2
"Monasterio, Andruw",655316,2026,29,169,6.5,0.694,77,18,0.301,67.3,11.8,27.1,34.7,65.3,48,77,8.4,88.2,52,39.9,18,48,39.2,35,25.8,66.9,34.2,35,19.2,11.7
"Piñango, Yohendrick",682818,2026,24,160,6.3,0.726,64,11,0.318,69.1,21.4,34.7,34.3,65.7,50.6,76.5,8.3,78.6,49.4,41.8,25.8,51.7,28.3,44.2,27.4,63.1,42.5,22.1,29.2,6.2
"Church, Nathan",701675,2026,25,254,5.1,0.664,85,30,0.29,71.5,17.1,44.7,31.1,68.9,52.3,78.3,7.1,82.9,47.7,40.9,23,57.2,34.1,40.5,25.4,61.8,50.3,20,19.5,10.3
"Rojas, Miguel",500743,2026,37,157,6.4,0.755,58,15,0.328,68.3,9.4,31.5,28.1,71.9,55.1,70.2,8.5,90.6,44.9,39,16.2,48,36.4,40.3,23.3,57.3,48.8,20.2,21.7,9.3
"Ramos, Heliot",671218,2026,26,235,5.1,0.779,97,31,0.334,73.3,15.1,36,51.1,48.9,52.5,76.3,8.2,84.9,47.5,39,27.8,53.7,35.8,42,22.2,65.4,50,23.5,24.7,1.9
"Ward, Taylor",621493,2026,32,439,17.1,0.746,124,57,0.341,54.4,12.4,14.5,44.8,55.2,50.2,64.8,7.8,87.6,49.8,43,19.2,34.4,31.6,41.3,27.1,58.4,38.3,27.1,28.3,6.3
"Smith, Cam",701358,2026,23,361,8.6,0.669,152,39,0.295,67.4,17.5,28.8,51.6,48.4,52.4,76.2,8.5,82.5,47.6,41.8,28.4,47.2,36.3,39.2,24.6,61.5,47.1,25,21.7,6.3
"Kurtz, Nick",701762,2026,23,412,18.4,0.902,102,61,0.389,66.4,27.6,22.8,59.5,40.5,54,74.6,7,72.4,46,42.9,36.8,42.8,33.3,38.2,28.4,57.4,41.2,28.9,26.5,3.4
"Laureano, Ramón",657656,2026,31,206,9.7,0.66,61,23,0.292,70.9,18.6,32.7,54.7,45.3,53.4,80,7.1,81.4,46.6,39.4,31.1,50.5,35.3,33.6,31.1,61.7,41.2,31.1,21.8,5.9
"Ortiz, Joey",687401,2026,27,241,8.7,0.596,112,24,0.269,58,9.4,30.5,36.2,63.8,50.3,61.1,7.8,90.6,49.7,42.1,18.7,44.1,28.7,42.1,29.2,61,51.1,23,20.2,5.6
"Yelich, Christian",592885,2026,34,276,10.1,0.706,108,42,0.311,66.3,21.1,23,60,40,50.1,80,8.1,78.9,49.9,41.4,31.2,44.6,36.1,36.7,27.1,56.4,55.4,21.7,21.7,1.2
"Rumfield, TJ",681198,2026,26,384,10.4,0.855,131,42,0.374,72,8.6,30.4,43.7,56.3,54.8,81.5,6.5,91.4,45.2,41.2,20.5,49.2,44.4,31.3,24.3,64.6,39.8,27.8,26.4,6
"Lindor, Francisco",596019,2026,32,171,9.4,0.671,58,22,0.298,67.3,15.1,28.7,39.3,60.7,55.7,80.9,6.4,84.9,44.3,43.2,23.6,45.8,45.2,31.7,23,53.2,40.5,28.6,25.4,5.6
"House, Brady",691781,2026,23,177,7.3,0.681,81,22,0.298,73.1,26.3,33.5,46.2,53.8,52.8,78,7.6,73.7,47.2,42.4,33,52.2,36,43.9,20.2,63.8,50.9,27.2,21.1,0.9
"Carroll, Corbin",682998,2026,25,398,11.8,0.825,127,54,0.356,64.9,22.5,30,40.7,59.3,54.5,76.2,6.5,77.5,45.5,40.6,29,45.9,47.3,32.8,19.9,58.7,43.8,27.7,19.9,8.6
"Pagés, Pedro",686780,2026,27,160,3.8,0.586,67,13,0.257,64.2,15.6,38.8,48.1,51.9,52.2,73.2,6.3,84.4,47.8,42.4,28.1,51.1,38.7,35.1,26.1,70,44.1,27.9,18.9,9
"Betts, Mookie",605141,2026,33,259,7.3,0.709,130,35,0.308,61.1,5.8,19.7,36,64,46.9,76.7,9.4,94.2,53.1,43.3,12.5,41.7,37.6,41,21.4,61.2,29.5,36.2,28.6,5.7
"Benintendi, Andrew",643217,2026,31,288,8.3,0.73,107,38,0.316,74.1,22.1,31.7,41.2,58.8,52.8,81.4,7.9,77.9,47.2,38.7,28.2,51.6,55.4,32.3,12.3,61.1,37.9,30.3,25.6,6.2
"Cortes, Carlos",666126,2026,29,230,9.6,0.788,93,20,0.348,65.6,15.7,24.9,30.3,69.7,51.7,72.5,8.5,84.3,48.3,41.1,19.9,44.6,30.9,42.9,26.3,54.8,46.9,22.3,24.6,6.3
"Thomas, Alek",677950,2026,26,100,3,0.562,46,12,0.246,74.1,14.6,42.5,45.6,54.4,52.8,81.8,6.3,85.4,47.2,41.2,26.7,57.4,29.2,38.9,31.9,61,43.1,25,23.6,8.3
"DeLauter, Chase",800050,2026,24,333,9.6,0.793,127,33,0.347,66.7,10,20.4,34.4,65.6,51,78.4,7.7,90,49,39.2,15.8,43.1,38.7,34.8,26.6,49.8,40.6,21.1,27.3,10.9
"O'Hoppe, Logan",681351,2026,26,233,6.9,0.583,100,20,0.263,71.7,13.4,35,52.1,47.9,55.5,76.4,6.5,86.6,44.5,41.1,28.1,51.3,44.9,28.8,26.3,61.8,37.8,30.1,21.2,10.9
"Lowe, Nathaniel",663993,2026,30,224,11.6,0.8,79,21,0.347,63.7,16,27.2,35.8,64.2,51.6,68.8,6.6,84,48.4,45.5,22.2,44.9,42.8,36.2,21,62.3,41.3,24.6,27.5,6.5
"Waldschmidt, Ryan",814439,2026,23,128,7,0.652,49,11,0.29,61.8,20.6,24.7,75,25,48.4,79.5,7.8,79.4,51.6,41,35.5,43.8,36.5,37.8,25.7,66.4,29.7,27,37.8,5.4
"Marsh, Brandon",669016,2026,28,363,5.2,0.829,131,52,0.356,70.9,14.9,37.7,45.9,54.1,52.9,80.2,7.1,85.1,47.1,40.8,26.5,53.3,38.2,35.4,26.4,57.5,40.7,26,28.5,4.9
"Jensen, Carter",695600,2026,22,346,9,0.724,108,41,0.314,64.9,18,25.5,55.6,44.4,52.1,70.2,8.1,82,47.9,41.2,29.3,44.4,38,33.8,28.2,56.9,33.3,34.7,21.6,10.3
"Caglianone, Jac",695506,2026,23,349,7.2,0.782,152,44,0.339,71.3,19.8,36,48.9,51.1,55.6,75.8,7,80.2,44.4,38.3,31.1,51.7,44.5,39.4,16.1,62.8,44.5,23.4,28.9,3.2
"Sheets, Gavin",657757,2026,30,322,11.8,0.748,106,35,0.33,56.3,11.5,31.1,35.2,64.8,53.9,61.9,6.1,88.5,46.1,43.7,20.8,42.7,39,33.3,27.6,54.7,44.8,21.9,22.9,10.5
"Grissom, Vaughn",687093,2026,25,211,8.1,0.708,92,22,0.312,66.7,12,27.3,40.7,59.3,48.1,70.7,7.1,87.7,51.9,41.9,19.9,47.7,40.3,37.7,22,60.2,39.6,28.3,27,5.7
"Soderstrom, Tyler",691016,2026,24,347,13,0.808,145,43,0.348,69.4,11,25.6,45.3,54.7,53.6,79.5,6.7,89,46.4,42.3,21.2,45.9,37.2,39.7,23,56.7,45.6,27.2,18.8,8.4
"Trammell, Taylor",666211,2026,28,124,7.3,0.665,31,14,0.294,66.8,26.1,28,67.7,32.3,48.4,80.4,9.6,73.9,51.6,40.5,37.8,48,45.8,30.6,23.6,62.1,43.1,34.7,19.4,2.8
"Abrams, CJ",682928,2026,25,395,8.6,0.862,135,56,0.369,67.9,17.4,36.3,45.2,54.8,53.2,67.3,7.1,82.6,46.8,40.5,27.9,51.1,45.1,31.6,23.3,64.9,33.8,28.9,24.8,12.4
"Fermín, José",665877,2026,27,173,6.9,0.702,64,16,0.309,57.4,9.7,23.4,26.5,73.5,49.7,63.5,7.3,90.3,50.3,42.6,14.5,40.5,47.4,34.1,18.5,59,38.5,23.7,24.4,13.3
"Jeffers, Ryan",680777,2026,29,157,15.3,0.942,44,26,0.404,55.8,9.8,23.1,30.1,69.9,53.6,69.1,8.2,90.2,46.4,43.3,16.3,38.2,40.7,31.5,27.8,63.1,32.4,31.5,23.1,13
"Mayer, Marcelo",691785,2026,23,228,7,0.594,102,19,0.267,73.3,14.8,29.2,53.1,46.9,52.5,79.7,7.1,85.2,47.5,44.4,26.5,50.1,35.4,37.8,26.8,61.8,51.8,25,15.2,7.9
"Stewart, Sal",701398,2026,22,414,10.9,0.812,166,51,0.349,67.9,21.9,28.5,39.4,60.6,52,73.3,7.4,78.1,48,41.8,27.3,47.3,32.5,38.2,29.3,60,45.7,28.6,20.4,5.4
"Taylor, Samad",669392,2026,27,102,11.8,0.808,30,14,0.364,54.9,10.3,28.7,48.4,51.6,52.6,44,6.1,89.7,47.4,45.5,24.3,41.1,35,46.7,18.3,54.9,53.3,11.7,33.3,1.7
"Herrera, Iván",671056,2026,26,423,12.1,0.771,143,60,0.347,63.2,12,27.2,36.3,63.7,53.5,73.4,7.5,88,46.5,43.1,20.1,43.9,35.7,41.4,22.9,59.7,49.3,20,20.7,10
"Jung, Josh",673962,2026,28,376,8.5,0.819,132,45,0.36,65.6,9,28.8,39,61,53,70.4,7.7,91,47,39.1,18.9,46.1,40.1,36.1,23.8,61.7,43.9,20.4,32,3.7
"Winn, Masyn",691026,2026,24,357,8.1,0.645,143,39,0.29,61.3,15.1,24.7,41.2,58.8,49.1,66.7,7.5,84.9,50.9,42.4,22.4,43.4,30.6,42.5,27,60.2,44.8,17.9,27.4,9.9
"Castro, Willi",650489,2026,29,320,8.4,0.709,98,40,0.317,74.7,20,37.4,45.5,54.5,55.5,85.3,7.4,80,44.5,41.4,29.8,54,45.5,32.5,22,63.1,36,33,25,6
"Judge, Aaron",592450,2026,34,261,16.1,0.908,77,43,0.385,64.1,21.6,25.8,53.5,46.5,55.3,72.8,7.3,78.4,44.7,42.5,32.2,42.9,43.4,31.5,25.2,57,38.5,32.2,22.4,7
"Valdez, Esmerlyn",699013,2026,22,105,9.5,1.084,47,21,0.45,67.7,34,24.6,48.2,51.8,51.2,88.5,5.8,66,48.8,44.3,37.9,45.6,26.3,43.9,29.8,60,35.1,42.1,15.8,7
"Sanoja, Javier",691594,2026,23,244,5.7,0.717,100,21,0.313,63.6,7.7,39.3,16.5,83.5,51.7,68.5,6.7,92.3,48.3,41.9,11.2,51.1,44.5,35.4,20.1,66,45.9,16.7,26.3,11
"Carrigg, Cole",694249,2026,24,119,10.9,0.871,44,23,0.366,76.6,16.3,38.8,42.6,57.4,53.7,78.3,5.1,83.8,46.3,42.1,26,56.3,46.2,26.9,26.9,64.4,37.2,29.5,26.9,6.4
"Ruiz, Esteury",665923,2026,27,118,12.7,0.837,41,24,0.366,69.1,20.7,30.9,49.4,50.6,54.7,76.2,4.4,79.3,45.3,43.8,30.7,48.2,57.8,20.3,21.9,61.9,21.9,29.7,31.3,17.2
"Paredes, Isaac",670623,2026,27,384,9.6,0.766,162,39,0.34,62.5,11,27.2,28.8,71.2,53.1,67.5,6.9,89,46.9,42.1,16.8,43.7,50.5,28.2,21.2,54.4,27.5,31.1,28.2,13.2
"Anthony, Roman",701350,2026,22,130,15.4,0.675,40,12,0.31,53.4,15.4,21.6,58.3,41.7,50.9,45.5,8.1,84.6,49.1,42.3,28.1,37.2,38.2,40.8,21.1,47.7,48.7,22.4,27.6,1.3
"Norby, Connor",681393,2026,26,233,10.3,0.638,91,17,0.292,73.5,23.2,27.3,55.9,44.1,52.1,84.6,7.3,76.8,47.9,39.6,32.7,49.4,39.7,38.2,22.1,62.7,38.9,37.4,15.3,8.4
"Marte, Ketel",606466,2026,32,405,7.2,0.772,117,51,0.332,67.9,11.3,32.2,36.9,63.1,53.2,86.4,5.5,88.7,46.8,43.7,20.4,48.9,50.9,31,18,57,42.7,26.9,24.4,6
"Fernandez, Jose",699912,2026,22,177,4,0.641,60,23,0.283,58.8,14.1,36.9,39.6,60.4,52.8,60,6.5,85.9,47.2,41.7,24.6,47.2,45,31,24,62.7,49.6,13.2,22.5,14.7
"Gasper, Mickey",681508,2026,30,119,7.6,0.613,40,11,0.277,60.1,6.1,23.6,49.1,50.9,50.8,72.7,7.4,93.9,49.2,44.5,18.5,41.5,44.3,34.1,21.6,52.1,44.3,29.5,20.5,5.7
"Schneider, Davis",676914,2026,27,118,15.3,0.578,38,16,0.267,58.2,24,21,51.8,48.2,51.5,75,7.7,76,48.5,43.6,31.7,39,39.3,34.4,26.2,50,31.1,42.6,13.1,13.1
"Hicks, Liam",689414,2026,27,342,9.6,0.822,121,50,0.357,58.4,2.7,26.3,25.3,74.7,52.9,69.5,6.7,97.3,47.1,42.1,10.3,41.4,44.5,35,20.4,55,46.7,23.4,20.1,9.9
"Hamilton, David",666152,2026,28,238,9.2,0.65,76,31,0.294,61.2,13.1,30.2,38.8,61.9,51.4,66.7,8.2,86.9,48.6,40.2,21.9,45.2,32.5,31.3,36.3,61.3,51.9,26.9,16.9,4.4
"Bellinger, Cody",641355,2026,30,403,12.7,0.766,124,49,0.337,62.8,14,29.5,30.9,69.1,52.4,70.4,7.2,86,47.6,41.6,19.7,45.4,43.2,37.3,19.5,61.8,36.3,30.5,24.3,8.9
"Langeliers, Shea",669127,2026,28,386,7.8,0.807,153,52,0.347,72.2,18.6,32.2,45.6,54.4,54.5,80.4,6.8,81.4,45.5,39.4,28,50.4,39.1,36.1,24.8,60.5,34.2,32,23.7,10.2
"Palacios, Richie",680700,2026,29,228,11.4,0.671,103,28,0.305,63,13.9,32.1,31.6,68.4,56,71.2,5.9,86.1,44,45.4,21.6,45.9,35.8,40.3,23.9,62.3,41.5,18.2,27.7,12.6
"Rodríguez, Julio",677594,2026,25,378,7.7,0.747,132,46,0.327,68,15.1,39.2,44.1,55.9,56.4,67.5,5.8,84.9,43.6,41.9,27.5,51.8,36.5,39.8,23.7,62.1,42.1,24.4,25.9,7.5
"Feduccia, Hunter",676439,2026,29,137,9.5,0.644,53,13,0.29,65.8,16.8,26.4,45,55,53.5,65.9,7.8,83.2,46.5,42.8,25.5,44.8,28.9,42.2,28.9,52.6,36.1,32.5,26.5,4.8
"Semien, Marcus",543760,2026,35,318,7.2,0.612,127,30,0.271,71.9,14.9,29.2,46.1,53.9,48.6,80.5,6.5,85.1,51.4,42.1,23.6,51.1,47.8,35,17.3,70.1,34.5,29.2,26.1,10.2
"Troy, Tommy",694371,2026,24,134,9.7,0.663,48,22,0.295,63.2,18.2,27,40,60,50.8,76.3,6.9,81.8,49.2,43,24.9,44.8,33.3,41.1,25.6,57.5,48.9,23.3,23.3,4.4
"Mayo, Coby",691723,2026,24,246,7.7,0.659,112,30,0.288,63.2,16,31,57.7,42.3,52.5,66.2,7.7,84,47.5,38.9,30.7,46.3,52.8,29.9,17.4,59.3,37.5,34,18.1,10.4
"Smith, Josh",669701,2026,28,138,10.1,0.607,44,8,0.275,63.7,13.3,34.2,38.3,61.7,51.5,76.9,4.9,86.7,48.5,43.1,22.4,48.5,33,32,35.1,61.3,38.1,33,19.6,9.3
"McKinstry, Zach",656716,2026,31,248,10.1,0.576,80,21,0.259,67.7,8.5,29.2,36.3,63.7,48.6,73.8,8.8,91.5,51.4,39.1,16.5,48.9,39.8,33.1,27.1,64.5,43.6,28.2,22.1,6.1
"Okamoto, Kazuma",672960,2026,30,382,9.4,0.788,160,50,0.342,66.5,23.2,26.1,59.3,40.7,51.4,77.6,6.6,76.8,48.6,41,33.8,45.7,51.6,29.6,18.8,57.6,39,32.7,20.2,8.1
"Guzman, Denzer",694203,2026,22,115,6.1,0.718,45,11,0.315,73.9,14.7,33.2,45.7,54.3,50,85,4.7,85.3,50,42.4,24.3,53.6,50,33.3,16.7,67,43.6,26.9,25.6,3.8
"Fortes, Nick",663743,2026,29,222,2.7,0.64,92,23,0.286,67.6,9.6,38.9,25,75,53,68.9,8.1,90.4,47,40.1,15.6,52.3,50.5,33,16.5,60.8,54.4,17.6,16.5,11.5
"Witt Jr., Bobby",677951,2026,26,403,9.7,0.816,135,51,0.353,66.5,13.3,33.2,43.1,56.9,55.7,74.7,6.4,86.7,44.3,43,24.8,48,28.6,41.8,29.6,60.9,35.4,25.9,28.9,9.9
"Mateo, Jorge",622761,2026,31,134,6,0.657,57,27,0.289,69,18.9,41.7,47.8,52.2,53,67.6,6.5,81.1,47,40.3,30.6,54.5,40,43.5,16.5,64.9,38.8,29.4,28.2,3.5
"Lowe, Brandon",664040,2026,31,402,9.2,0.803,154,59,0.344,70.7,20.2,34,59.5,40.5,54,81.7,6.5,79.8,46,41.4,34.4,50.9,45.7,35.9,18.4,60.2,34,34.8,23.8,7.4
"Pérez, Wenceel",672761,2026,26,175,8,0.594,81,22,0.262,67.2,12.4,29.1,31.3,68.8,50.5,75.6,6.3,87.6,49.5,43.5,18.2,47.9,44.7,28,27.3,57.1,41.7,31.8,13.6,12.9
"Greene, Riley",682985,2026,25,400,12.8,0.842,158,48,0.368,69.3,18.9,24.8,58,42,52.9,83.3,6.1,81.1,47.1,42.6,30.1,45.7,38.9,36,25.1,58.6,35.6,33.1,26.4,5
"Giménez, Andrés",665926,2026,27,313,3.5,0.64,129,25,0.281,73.1,17.3,42.1,37.4,62.6,52.4,80.5,7.5,82.7,47.6,42.6,25.1,56.9,38.9,30.8,30.3,61.3,48.7,21.4,21.4,8.5
"Contreras, William",661388,2026,28,384,8.3,0.742,156,48,0.324,67.1,10.8,29.8,35.2,64.8,53.7,75.6,6.3,89.2,46.3,40.4,19.1,47.1,38.7,38.7,22.6,58.3,43.1,24.2,24.2,8.4
"Young, Jacob",696285,2026,26,288,5.2,0.644,111,34,0.284,59.4,11,26.9,42.4,57.6,49.4,61.3,7.4,89,50.6,42.9,20.6,43.4,37.2,36.7,26,64.9,41.9,26.5,26.5,5.1
"Hernaiz, Darell",687231,2026,24,134,9.7,0.606,61,12,0.28,68.5,15.3,35.7,35,65,54.1,81.3,6.2,84.7,45.9,43.4,22.8,50.7,25.8,38.1,36.1,63.4,42.3,23.7,24.7,9.3
"Crow-Armstrong, Pete",691718,2026,24,418,11.2,0.917,126,63,0.395,68.6,17.7,35.5,45.3,54.7,54.9,77.3,6,82.3,45.1,40.1,28.4,50.4,49.8,29.2,20.9,63.1,36,34,20.2,9.9
"Schneemann, Daniel",682177,2026,29,261,8.4,0.607,101,27,0.271,66.1,15.9,34.2,61.5,38.5,50.9,82.3,7.7,84.1,49.1,44.5,31.7,49.8,47.9,34.4,17.8,66.7,42.9,30.1,22.1,4.9
"Baldwin, Drake",686948,2026,25,319,10,0.782,97,49,0.344,67.8,14.8,34,40.4,59.6,54.2,81.5,6.6,85.2,45.8,43.2,24.3,49.5,31.6,45,23.4,55.5,45.5,24.4,24.4,5.7
"Donovan, Brendan",680977,2026,29,101,10.9,0.838,37,9,0.371,62.7,11.5,25.3,39.6,60.4,53.4,69.6,6.5,88.5,46.6,39.6,20.4,42.7,40,40,20,49.5,41.4,24.3,24.3,10
"Vázquez, Christian",543877,2026,35,191,7.3,0.618,71,18,0.272,60.9,10.4,35,31.3,68.7,52.4,62.5,7.7,89.6,47.6,41.5,18.5,47.3,31.7,35.2,33.1,58.6,44.8,25.5,23.4,6.2
"Goodman, Hunter",696100,2026,26,376,8.5,0.862,158,59,0.366,72.1,21.8,40.4,51.7,48.3,56.7,78.1,6.9,78.2,43.3,39,34.5,54.1,49.3,31.5,19.2,67,33.8,31.5,26,8.7
"Stott, Bryson",681082,2026,28,353,7.4,0.701,134,37,0.308,54.4,10.5,32.9,29.6,70.4,51,66.7,7.3,89.5,49,42.8,17.9,43.5,36.7,41.3,22,62.9,41.7,29.2,21.6,7.6
"Volpe, Anthony",683011,2026,25,158,12.7,0.668,60,18,0.306,65.6,15.7,24.7,50.6,49.4,51.3,72.1,9.5,84.3,48.7,36.3,25.6,44.6,31.4,50,18.6,65.2,45.1,19.6,26.5,8.8
"Kim, Hyeseong",808975,2026,27,131,9.2,0.651,52,16,0.293,64.5,12.9,29.2,60.3,39.7,48.5,67.6,7.2,87.1,51.5,42.7,27,47.4,32.2,43.7,24.1,68.7,47.1,19.5,29.9,3.4
"Wilson, Jacob",805779,2026,24,237,4.6,0.702,96,24,0.308,71.7,10,40,23.6,76.4,50.4,81.5,6.6,90,49.6,40.7,14.9,55.7,31.7,41.7,26.6,66.2,50.8,20.6,25.1,3.5
"Naylor, Josh",647304,2026,29,389,7.7,0.671,170,35,0.299,72.1,11.9,37,29.7,70.3,56.7,77.8,6.4,88.1,43.3,41.4,19,52.2,41.3,33.8,24.9,59.3,42.6,22.3,23.9,11.1
"Gurriel Jr., Lourdes",666971,2026,32,185,5.4,0.551,76,12,0.247,68.3,11.2,40.1,42.9,57.1,55,63,6.9,88.8,45,42.7,24.4,52.8,40,37.1,22.9,64.3,42.1,21.4,24.3,12.1
"Eldridge, Bryce",805811,2026,21,217,12.9,0.832,84,28,0.362,62.4,14.3,26.5,40.6,59.4,55.5,77.6,5.4,85.7,44.5,43.6,23.4,42.5,45.6,30.9,23.5,59.4,39.7,30.1,25.7,4.4
"Reynolds, Bryan",668804,2026,31,422,14.7,0.877,137,68,0.385,69.7,16.2,23.1,61.5,38.5,52.7,82.6,6.8,83.8,47.3,40.1,28.4,45.1,39.9,34.1,26,64.6,48.4,25.2,24.4,1.9
"Bailey, Patrick",672275,2026,27,194,6.7,0.515,74,16,0.232,70,16.4,32.1,49.3,50.7,52.5,75.4,8.1,83.6,47.5,40.3,27.5,50.1,29.8,41.2,29,68,45.8,24.4,22.9,6.9
"Bogaerts, Xander",593428,2026,33,363,11.3,0.648,118,38,0.294,60,14.8,25,41.8,58.2,51.7,79.6,7.6,85.2,48.3,42.3,23.2,41.9,48.4,33.6,18,57.3,54.4,22,19.6,4
"Marte, Starling",516782,2026,37,125,6.4,0.658,55,12,0.297,67.5,20.1,35.4,45.7,54.3,48.5,78.9,8.1,79.9,51.5,39.2,28.6,51.9,33.8,41.3,25,66.4,50,16.3,28.7,5
"Harper, Bryce",547180,2026,33,408,14.7,0.862,135,59,0.371,75,18.3,33.7,50,50,57.8,81.4,6.4,81.7,42.2,41.7,30.3,51.2,39.8,39.5,20.7,62.4,44.4,27.1,25.6,3
"Dingler, Dillon",693307,2026,27,361,6.4,0.831,143,48,0.356,64.4,11.5,34.7,38.7,61.3,53.2,76.9,7.5,88.2,46.8,42.7,21.8,48.6,41.8,37.5,20.7,57.3,35.5,30.7,25.5,8.4
"Castellanos, Nick",592206,2026,34,122,4.1,0.56,54,9,0.238,77.9,23.5,40.2,49.1,50.9,55.3,78.1,6.7,76.5,44.7,39.4,33.5,57,55.4,27.7,16.9,62.8,32.5,37.3,28.9,1.2
"Tucker, Kyle",663656,2026,29,381,12.6,0.716,159,53,0.321,73,16.3,24.9,41.6,58.4,50.8,83,6.7,83.7,49.2,42.1,22.9,48.6,43.9,32.9,23.1,63.3,37.3,31,26.3,5.5
"Kreidler, Ryan",668952,2026,28,142,8.5,0.758,62,21,0.332,76.4,24.2,26.1,50,50,49.7,85.7,7.8,75.8,50.3,40.6,30.7,51.4,40.6,43.6,15.8,53.5,52.5,22.8,12.9,11.9
"Refsnyder, Rob",608701,2026,35,119,5.9,0.422,53,8,0.195,65.4,17.2,24.4,53.3,46.7,51.6,79.4,7.1,82.8,48.4,42.1,27.5,44.2,49.4,23.4,27.3,64.7,40.3,29.9,16.9,13
"Garver, Mitch",641598,2026,35,130,15.4,0.627,54,17,0.291,62.2,24.2,23.8,56.9,43.1,55.1,67.6,6.2,75.8,44.9,43.6,34.7,41.1,51.5,36.8,11.8,63.1,35.3,35.3,23.5,5.9
"Freeland, Alex",690976,2026,24,220,10,0.631,83,24,0.287,60.3,21.6,22.1,49.5,50.5,51,69.2,7.3,78.4,49,45,29.3,40.8,34.4,37.4,28.2,58.2,46.6,26,23.7,3.8
"Aranda, Jonathan",666018,2026,28,406,12.6,0.865,138,48,0.376,64.7,17.8,27.9,29.4,70.6,52.5,74.2,8.4,82.2,47.5,41.1,21.9,45.4,25.9,43.2,30.9,63.7,37.1,31.3,28.2,3.5
"Susac, Daniel",691740,2026,25,115,5.2,0.64,48,5,0.285,72.3,12.3,41.1,44.2,55.8,54.7,84.1,10.4,87.7,45.3,36,25.3,55.2,41.3,31.3,27.5,66.1,41.3,31.3,23.8,3.8
"Hoerner, Nico",663538,2026,29,420,8.6,0.631,164,37,0.284,59.5,3.9,30,25.7,74.3,51.1,68.1,7.9,96.1,48.9,42.3,11.4,44.5,31.5,39,29.5,58.3,41.6,22,28,8.4
"France, Ty",664034,2026,31,229,5.2,0.815,98,24,0.349,74.7,18.6,33.1,50.3,49.7,50.8,77.1,7.6,81.4,49.2,42.1,28.5,53.6,36.1,38.1,25.8,57.5,46.5,22.6,23.2,7.7
"Lewis, Royce",668904,2026,27,256,9.4,0.696,116,30,0.306,64.4,20.4,32.2,59.6,40.4,53.9,79.1,6.5,79.6,46.1,40,34.9,47.1,48.4,34.2,17.4,59.8,32.9,30.4,23.6,13
"Smith, Will",669257,2026,31,201,11.4,0.72,74,23,0.321,61.8,11.1,21.3,31.2,68.8,50.8,64.3,6.5,88.9,49.2,43.4,16.4,41.3,30.3,41.5,28.2,57.2,28.2,38,28.9,4.9
"McCarthy, Jake",664983,2026,28,307,5.9,0.863,94,39,0.369,77.9,15.9,34.9,35.6,64.4,53.1,84.9,7.1,84.1,46.9,42.3,22.5,55.1,37.1,38.8,24.1,64.5,45.7,21.6,25.4,7.3
"Call, Alex",669743,2026,31,134,12.7,0.679,61,19,0.313,63.7,10.9,21.2,27.9,72.1,48.7,74,8.5,89.1,51.3,41.6,15,43,38.7,36.6,24.7,55.2,47.3,24.7,15.1,12.9
"Grisham, Trent",663757,2026,29,303,13.5,0.758,93,49,0.333,57.9,9.3,16.4,40.8,59.2,49.2,67.9,6.9,90.7,50.8,42,16.1,37.5,43.6,37,19.4,59.1,38.9,31.3,21.3,8.5
"Montgomery, Braden",695731,2026,23,116,8.6,0.696,48,15,0.306,78,15.2,29.7,50,50,54.4,83.3,7.4,84.8,45.6,39.2,25.9,51.9,33.3,35.8,30.9,58.6,59.3,19.8,17.3,3.7
"Story, Trevor",596115,2026,33,176,4.5,0.547,82,16,0.242,69.4,21.6,44,44.7,55.3,55.1,68.4,5.8,78.4,44.9,46.1,31.7,55.4,45.5,35.5,19.1,67,48.2,20.9,22.7,8.2
"Amaya, Miguel",665804,2026,27,158,11.4,0.704,59,25,0.323,64.8,17.2,28.5,38.7,61.3,57.5,65.1,6.4,82.8,42.5,39.2,25.3,43.9,35.4,38.5,26,53.2,35.4,32.3,20.8,11.5
"Hill, Derek",656537,2026,30,145,6.2,0.749,65,21,0.327,69.6,26.3,34.2,51.9,48.1,53.2,77.5,6.9,73.7,46.8,42.2,35.5,50.8,38.6,34.9,26.5,66.2,45.8,25.3,24.1,4.8
"Suárez, Eugenio",553993,2026,34,267,9,0.673,132,23,0.296,64.6,22.2,31.2,59.6,40.4,53.5,70.4,7.4,77.8,46.5,41,35.5,46.8,49,29,22.1,67,36.6,28.3,25.5,9.7
"Murakami, Munetaka",808959,2026,26,259,17.8,0.911,80,45,0.387,64.8,33.8,21.8,67.2,32.8,53.9,75.9,6.9,66.2,46.1,39.2,43.2,41.6,44.8,37.6,17.6,59.8,43.2,40.8,12,4
"Perdomo, Geraldo",672695,2026,26,391,14.1,0.71,142,46,0.322,57.5,8.5,21.9,22.1,77.9,50.1,59.8,8,91.5,49.9,42.1,12.2,39.7,47.4,30.5,22.1,57,44.2,24.9,26.3,4.6
"Domínguez, Jasson",691176,2026,23,140,4.3,0.682,48,13,0.297,73.2,15.4,36.9,44.2,55.8,55,84.2,7.4,84.6,45,43.3,26.4,53.2,49,28.8,22.1,67.1,47.1,21.2,24,7.7
"Wong, Connor",657136,2026,30,134,10.4,0.772,39,14,0.348,64.1,12.8,30,41.3,58.8,53.6,74.3,7,87.2,46.4,40.8,22.8,45.8,37.5,38.6,23.9,64.2,44.3,23.9,25,6.8
"Yoshida, Masataka",807799,2026,32,201,9.5,0.725,86,22,0.324,56.7,10.6,29,25.7,74.3,52.6,68.1,6.4,89.4,47.4,38.6,16,42.2,42.9,35.3,21.8,56.7,48.1,23.7,23.7,4.5
"Lopez, Nicky",670032,2026,31,126,3.2,0.706,47,14,0.316,68,11.6,35.7,31.3,68.8,49.6,90.6,7.1,88.4,50.4,46,18.3,52,32.4,45.1,22.5,63.5,63.7,13.7,19.6,2.9
"Johnston, Troy",687859,2026,29,314,9.2,0.791,117,33,0.351,69,12.3,34.8,41.5,58.5,52.5,80.3,6.8,87.7,47.5,42.2,22.7,51,38.8,37.4,23.8,65,41,22.9,32.6,3.5
"Perez, Salvador",521692,2026,36,374,3.5,0.593,167,31,0.258,74,14.3,45.5,38.4,61.6,58.5,83.1,6,85.7,41.5,37.1,25.4,57.3,40.6,32.7,26.6,64.4,37.8,28.8,24.8,8.6
"Seager, Corey",608369,2026,32,219,12.8,0.666,85,28,0.293,80.2,23.2,28.6,58.8,41.2,57.7,92.9,6.8,76.8,42.3,40.8,34.9,50.4,46.2,31.5,22.3,60.6,45.4,29.2,20.8,4.6
"Mangum, Jake",663968,2026,30,253,5.5,0.753,115,35,0.335,74.3,17.6,47.2,24.5,75.5,53.6,77.9,7.3,82.4,46.4,41.1,20.5,59.8,29.8,34,36.1,70.8,62.8,13.6,18.3,5.2
"Peña, Jeremy",665161,2026,28,216,6.9,0.773,54,35,0.34,75.7,16.5,34.6,48.6,51.4,53.5,78,7.5,83.5,46.5,40.3,27.6,53.7,48.1,31.5,20.4,67.1,44.4,25.9,23.5,6.2
"Nuñez, Nasim",683083,2026,25,306,10.8,0.618,118,38,0.285,68.7,16.3,26.2,40.2,59.8,50.4,83.5,7.3,83.7,49.6,41.7,23,47.3,35,43.5,21.5,68,53,17.5,25.5,4
"Hernández, Teoscar",606192,2026,33,251,9.6,0.706,109,36,0.311,65.9,23.5,26.4,50,50,53.3,78.9,6.9,76.5,46.7,43.3,31.8,44.8,31,41.3,27.7,53.2,41.9,32.3,20.6,5.2
"McMahon, Ryan",641857,2026,31,225,8,0.656,93,23,0.289,63.6,18.5,29.8,57.6,42.4,50.4,76.9,7,81.5,49.6,42.4,31.2,46.6,37.8,34.8,27.4,63.1,42.2,31.1,23,3.7
"Riley, Austin",663586,2026,29,385,8.3,0.617,166,38,0.279,66.1,21,32.4,51.8,48.2,55.2,77.6,6.8,79,44.8,39.4,32.6,47.5,39.2,33.2,27.6,63.6,37.9,31,21.6,9.5
"Suzuki, Seiya",673548,2026,31,343,10.2,0.811,173,47,0.35,60.3,15.2,23,51.7,48.3,51.3,72.4,8.4,84.8,48.7,42.2,25.7,41.2,42.9,34.1,23,61,35,28.6,26.7,9.7
"Basallo, Samuel",694212,2026,21,301,8.3,0.773,123,34,0.331,70.4,20.6,40.2,45.4,54.6,56.4,63.2,6.1,79.4,43.6,42.1,31.1,53.4,43.2,35.7,21.1,59.1,44.7,27.1,23.1,5
"O'Hearn, Ryan",656811,2026,32,339,7.7,0.838,150,49,0.363,62.6,11.9,32.2,38.6,61.4,52.3,64.4,6.6,88.1,47.7,43.5,21.5,46.7,38,33.3,28.6,60.4,40.6,30.8,24.8,3.8
"Mack, Joe",691788,2026,23,172,7,0.727,71,24,0.319,68.4,15.3,25.9,43.8,56.2,50.7,77.5,5.9,84.7,49.3,41.4,23.3,46.8,48.3,30.5,21.2,57,47.5,27.1,19.5,5.9
"Hernández, Heriberto",681715,2026,26,228,10.1,0.799,112,25,0.343,70.5,20.7,25.1,60.3,39.7,53.8,82,7.1,79.3,46.2,41,32.3,46.1,45,37.7,17.2,62.7,39.1,33.1,21.2,6.6
"Bleday, JJ",668709,2026,28,284,13.7,0.846,112,35,0.365,70.2,18.6,23.2,49.6,50.4,51.8,79.1,7.6,81.1,48.2,41.3,26.6,45.9,47.3,34.4,18.3,62.5,29,31.2,31.2,9.1
"Dunn, Blake",694362,2026,27,155,6.5,0.722,71,20,0.32,64.2,12.8,28.7,48.1,51.9,49,70.2,8.6,87.2,51,40.8,23.3,46.8,24.5,49.1,26.4,64.5,46.4,21.8,25.5,6.4
"Tatis Jr., Fernando",665487,2026,27,416,8.2,0.714,98,45,0.316,69.5,16.1,27.6,57.9,42.1,52.6,77.5,6.9,83.9,47.4,42.6,28.9,47.5,31.3,41.2,27.5,61.2,52.2,19.2,25.1,3.4
"Altuve, Jose",514888,2026,36,317,9.1,0.711,138,45,0.311,61.8,13.6,35.6,38.9,61.1,55.7,61.5,7.9,86.4,44.3,42.4,24.2,47.2,43.3,42.9,13.8,64,47.9,20.3,24.4,7.4
